Workbook
Name Abkürzungen: Teams[TID]
Name Abkürzungen: Teams[TID]
Name Ergebnis: #REF!
Name Gegner: #REF!
Name Gruppe: #REF!
Name GSOG: #REF!
Name GSUG: #REF!
Name HeimGast: #REF!
Name HZ: #REF!
Name MinuteOG: #REF!
Name MinuteUG: #REF!
Name Nummern: Spieler[Nr]
Name Phase: #REF!
Name PROG: #REF!
Name PRUG: #REF!
Name Spiel: #REF!
Name Spielerliste: #REF!
Name SpielNr.: #REF!
Name SpieltagOG: #REF!
Name SpieltagUG: #REF!
Name Team: #REF!

Sheet Spiele
A1: SID | B1: Datum | C1: Heim | D1: Gast | E1: 1. HZ | F1: 2. HZ | G1: TH | H1: TG | I1: PH | J1: PG
A2: 1 | B2: 45900 | C2: FCN | D2: GWD | E2: 40 | F2: 40 | G2: =SUM(COUNTIFS(Abschlüsse!$A$2:$A$3098,$A2,Abschlüsse!$B$2:$B$3098,$C2,Abschlüsse!$L$2:$L$3098,"Tor"),COUNTIFS(Abschlüsse!$A$2:$A$3098,$A2,Abschlüsse!$B$2:$B$3098,$C2,Abschlüsse!$L$2:$L$3098,"ET")) -> 4 | H2: =SUM(COUNTIFS(Abschlüsse!$A$2:$A$3098,$A2,Abschlüsse!$B$2:$B$3098,$D2,Abschlüsse!$L$2:$L$3098,"Tor"),COUNTIFS(Abschlüsse!$A$2:$A$3098,$A2,Abschlüsse!$B$2:$B$3098,$D2,Abschlüsse!$L$2:$L$3098,"ET")) -> 0 | I2: =IF($A2="","",IF($G2>$H2,3,IF($G2=$H2,1,IF($G2<$H2,0,"")))) -> 3 | J2: =IF($A2="","",IF($G2<$H2,3,IF($G2=$H2,1,IF($G2>$H2,0,"")))) -> 0
A3: 2 | B3: 45906 | C3: FCD | D3: FCN | E3: 40 | F3: 43 | G3: =SUM(COUNTIFS(Abschlüsse!$A$2:$A$3098,$A3,Abschlüsse!$B$2:$B$3098,$C3,Abschlüsse!$L$2:$L$3098,"Tor"),COUNTIFS(Abschlüsse!$A$2:$A$3098,$A3,Abschlüsse!$B$2:$B$3098,$C3,Abschlüsse!$L$2:$L$3098,"ET")) -> 2 | H3: =SUM(COUNTIFS(Abschlüsse!$A$2:$A$3098,$A3,Abschlüsse!$B$2:$B$3098,$D3,Abschlüsse!$L$2:$L$3098,"Tor"),COUNTIFS(Abschlüsse!$A$2:$A$3098,$A3,Abschlüsse!$B$2:$B$3098,$D3,Abschlüsse!$L$2:$L$3098,"ET")) -> 3 | I3: =IF($A3="","",IF($G3>$H3,3,IF($G3=$H3,1,IF($G3<$H3,0,"")))) -> 0 | J3: =IF($A3="","",IF($G3<$H3,3,IF($G3=$H3,1,IF($G3>$H3,0,"")))) -> 3
A4: 3 | B4: 45914 | C4: FCN | D4: TSV | E4: 40 | F4: 40 | G4: =SUM(COUNTIFS(Abschlüsse!$A$2:$A$3098,$A4,Abschlüsse!$B$2:$B$3098,$C4,Abschlüsse!$L$2:$L$3098,"Tor"),COUNTIFS(Abschlüsse!$A$2:$A$3098,$A4,Abschlüsse!$B$2:$B$3098,$C4,Abschlüsse!$L$2:$L$3098,"ET")) -> 4 | H4: =SUM(COUNTIFS(Abschlüsse!$A$2:$A$3098,$A4,Abschlüsse!$B$2:$B$3098,$D4,Abschlüsse!$L$2:$L$3098,"Tor"),COUNTIFS(Abschlüsse!$A$2:$A$3098,$A4,Abschlüsse!$B$2:$B$3098,$D4,Abschlüsse!$L$2:$L$3098,"ET")) -> 1 | I4: =IF($A4="","",IF($G4>$H4,3,IF($G4=$H4,1,IF($G4<$H4,0,"")))) -> 3 | J4: =IF($A4="","",IF($G4<$H4,3,IF($G4=$H4,1,IF($G4>$H4,0,"")))) -> 0
A5: 4 | B5: 45917 | C5: DJK | D5: FCN | E5: 42 | F5: 43 | G5: =SUM(COUNTIFS(Abschlüsse!$A$2:$A$3098,$A5,Abschlüsse!$B$2:$B$3098,$C5,Abschlüsse!$L$2:$L$3098,"Tor"),COUNTIFS(Abschlüsse!$A$2:$A$3098,$A5,Abschlüsse!$B$2:$B$3098,$C5,Abschlüsse!$L$2:$L$3098,"ET")) -> 0 | H5: =SUM(COUNTIFS(Abschlüsse!$A$2:$A$3098,$A5,Abschlüsse!$B$2:$B$3098,$D5,Abschlüsse!$L$2:$L$3098,"Tor"),COUNTIFS(Abschlüsse!$A$2:$A$3098,$A5,Abschlüsse!$B$2:$B$3098,$D5,Abschlüsse!$L$2:$L$3098,"ET")) -> 2 | I5: =IF($A5="","",IF($G5>$H5,3,IF($G5=$H5,1,IF($G5<$H5,0,"")))) -> 0 | J5: =IF($A5="","",IF($G5<$H5,3,IF($G5=$H5,1,IF($G5>$H5,0,"")))) -> 3
A6: 5 | B6: 45921 | C6: FCN | D6: FCM | E6: 41 | F6: 42 | G6: =SUM(COUNTIFS(Abschlüsse!$A$2:$A$3098,$A6,Abschlüsse!$B$2:$B$3098,$C6,Abschlüsse!$L$2:$L$3098,"Tor"),COUNTIFS(Abschlüsse!$A$2:$A$3098,$A6,Abschlüsse!$B$2:$B$3098,$C6,Abschlüsse!$L$2:$L$3098,"ET")) -> 2 | H6: =SUM(COUNTIFS(Abschlüsse!$A$2:$A$3098,$A6,Abschlüsse!$B$2:$B$3098,$D6,Abschlüsse!$L$2:$L$3098,"Tor"),COUNTIFS(Abschlüsse!$A$2:$A$3098,$A6,Abschlüsse!$B$2:$B$3098,$D6,Abschlüsse!$L$2:$L$3098,"ET")) -> 2 | I6: =IF($A6="","",IF($G6>$H6,3,IF($G6=$H6,1,IF($G6<$H6,0,"")))) -> 1 | J6: =IF($A6="","",IF($G6<$H6,3,IF($G6=$H6,1,IF($G6>$H6,0,"")))) -> 1
A7: 6 | B7: 45928 | C7: FWK | D7: FCN | E7: 41 | F7: 45 | G7: =SUM(COUNTIFS(Abschlüsse!$A$2:$A$3098,$A7,Abschlüsse!$B$2:$B$3098,$C7,Abschlüsse!$L$2:$L$3098,"Tor"),COUNTIFS(Abschlüsse!$A$2:$A$3098,$A7,Abschlüsse!$B$2:$B$3098,$C7,Abschlüsse!$L$2:$L$3098,"ET")) -> 4 | H7: =SUM(COUNTIFS(Abschlüsse!$A$2:$A$3098,$A7,Abschlüsse!$B$2:$B$3098,$D7,Abschlüsse!$L$2:$L$3098,"Tor"),COUNTIFS(Abschlüsse!$A$2:$A$3098,$A7,Abschlüsse!$B$2:$B$3098,$D7,Abschlüsse!$L$2:$L$3098,"ET")) -> 4 | I7: =IF($A7="","",IF($G7>$H7,3,IF($G7=$H7,1,IF($G7<$H7,0,"")))) -> 1 | J7: =IF($A7="","",IF($G7<$H7,3,IF($G7=$H7,1,IF($G7>$H7,0,"")))) -> 1
A8: 7 | B8: 45931 | C8: FCN | D8: FCA | E8: 41 | F8: 45 | G8: =SUM(COUNTIFS(Abschlüsse!$A$2:$A$3098,$A8,Abschlüsse!$B$2:$B$3098,$C8,Abschlüsse!$L$2:$L$3098,"Tor"),COUNTIFS(Abschlüsse!$A$2:$A$3098,$A8,Abschlüsse!$B$2:$B$3098,$C8,Abschlüsse!$L$2:$L$3098,"ET")) -> 2 | H8: =SUM(COUNTIFS(Abschlüsse!$A$2:$A$3098,$A8,Abschlüsse!$B$2:$B$3098,$D8,Abschlüsse!$L$2:$L$3098,"Tor"),COUNTIFS(Abschlüsse!$A$2:$A$3098,$A8,Abschlüsse!$B$2:$B$3098,$D8,Abschlüsse!$L$2:$L$3098,"ET")) -> 1 | I8: =IF($A8="","",IF($G8>$H8,3,IF($G8=$H8,1,IF($G8<$H8,0,"")))) -> 3 | J8: =IF($A8="","",IF($G8<$H8,3,IF($G8=$H8,1,IF($G8>$H8,0,"")))) -> 0
A9: 8 | B9: 45935 | C9: SSV | D9: FCN | E9: 40 | F9: 46 | G9: =SUM(COUNTIFS(Abschlüsse!$A$2:$A$3098,$A9,Abschlüsse!$B$2:$B$3098,$C9,Abschlüsse!$L$2:$L$3098,"Tor"),COUNTIFS(Abschlüsse!$A$2:$A$3098,$A9,Abschlüsse!$B$2:$B$3098,$C9,Abschlüsse!$L$2:$L$3098,"ET")) -> 2 | H9: =SUM(COUNTIFS(Abschlüsse!$A$2:$A$3098,$A9,Abschlüsse!$B$2:$B$3098,$D9,Abschlüsse!$L$2:$L$3098,"Tor"),COUNTIFS(Abschlüsse!$A$2:$A$3098,$A9,Abschlüsse!$B$2:$B$3098,$D9,Abschlüsse!$L$2:$L$3098,"ET")) -> 3 | I9: =IF($A9="","",IF($G9>$H9,3,IF($G9=$H9,1,IF($G9<$H9,0,"")))) -> 0 | J9: =IF($A9="","",IF($G9<$H9,3,IF($G9=$H9,1,IF($G9>$H9,0,"")))) -> 3
A10: 9 | B10: 45949 | C10: UHG | D10: FCN | E10: 42 | F10: 44 | G10: =SUM(COUNTIFS(Abschlüsse!$A$2:$A$3098,$A10,Abschlüsse!$B$2:$B$3098,$C10,Abschlüsse!$L$2:$L$3098,"Tor"),COUNTIFS(Abschlüsse!$A$2:$A$3098,$A10,Abschlüsse!$B$2:$B$3098,$C10,Abschlüsse!$L$2:$L$3098,"ET")) -> 2 | H10: =SUM(COUNTIFS(Abschlüsse!$A$2:$A$3098,$A10,Abschlüsse!$B$2:$B$3098,$D10,Abschlüsse!$L$2:$L$3098,"Tor"),COUNTIFS(Abschlüsse!$A$2:$A$3098,$A10,Abschlüsse!$B$2:$B$3098,$D10,Abschlüsse!$L$2:$L$3098,"ET")) -> 4 | I10: =IF($A10="","",IF($G10>$H10,3,IF($G10=$H10,1,IF($G10<$H10,0,"")))) -> 0 | J10: =IF($A10="","",IF($G10<$H10,3,IF($G10=$H10,1,IF($G10>$H10,0,"")))) -> 3
A11: 10 | B11: 45956 | C11: FCN | D11: SVA | E11: 40 | F11: 44 | G11: =SUM(COUNTIFS(Abschlüsse!$A$2:$A$3098,$A11,Abschlüsse!$B$2:$B$3098,$C11,Abschlüsse!$L$2:$L$3098,"Tor"),COUNTIFS(Abschlüsse!$A$2:$A$3098,$A11,Abschlüsse!$B$2:$B$3098,$C11,Abschlüsse!$L$2:$L$3098,"ET")) -> 2 | H11: =SUM(COUNTIFS(Abschlüsse!$A$2:$A$3098,$A11,Abschlüsse!$B$2:$B$3098,$D11,Abschlüsse!$L$2:$L$3098,"Tor"),COUNTIFS(Abschlüsse!$A$2:$A$3098,$A11,Abschlüsse!$B$2:$B$3098,$D11,Abschlüsse!$L$2:$L$3098,"ET")) -> 2 | I11: =IF($A11="","",IF($G11>$H11,3,IF($G11=$H11,1,IF($G11<$H11,0,"")))) -> 1 | J11: =IF($A11="","",IF($G11<$H11,3,IF($G11=$H11,1,IF($G11>$H11,0,"")))) -> 1
A12: 11 | B12: 45963 | C12: KSC | D12: FCN | E12: 40 | F12: 46 | G12: =SUM(COUNTIFS(Abschlüsse!$A$2:$A$3098,$A12,Abschlüsse!$B$2:$B$3098,$C12,Abschlüsse!$L$2:$L$3098,"Tor"),COUNTIFS(Abschlüsse!$A$2:$A$3098,$A12,Abschlüsse!$B$2:$B$3098,$C12,Abschlüsse!$L$2:$L$3098,"ET")) -> 3 | H12: =SUM(COUNTIFS(Abschlüsse!$A$2:$A$3098,$A12,Abschlüsse!$B$2:$B$3098,$D12,Abschlüsse!$L$2:$L$3098,"Tor"),COUNTIFS(Abschlüsse!$A$2:$A$3098,$A12,Abschlüsse!$B$2:$B$3098,$D12,Abschlüsse!$L$2:$L$3098,"ET")) -> 3 | I12: =IF($A12="","",IF($G12>$H12,3,IF($G12=$H12,1,IF($G12<$H12,0,"")))) -> 1 | J12: =IF($A12="","",IF($G12<$H12,3,IF($G12=$H12,1,IF($G12>$H12,0,"")))) -> 1
A13: 12 | B13: 45970 | C13: FCN | D13: FCB | E13: 41 | F13: 45 | G13: =SUM(COUNTIFS(Abschlüsse!$A$2:$A$3098,$A13,Abschlüsse!$B$2:$B$3098,$C13,Abschlüsse!$L$2:$L$3098,"Tor"),COUNTIFS(Abschlüsse!$A$2:$A$3098,$A13,Abschlüsse!$B$2:$B$3098,$C13,Abschlüsse!$L$2:$L$3098,"ET")) -> 5 | H13: =SUM(COUNTIFS(Abschlüsse!$A$2:$A$3098,$A13,Abschlüsse!$B$2:$B$3098,$D13,Abschlüsse!$L$2:$L$3098,"Tor"),COUNTIFS(Abschlüsse!$A$2:$A$3098,$A13,Abschlüsse!$B$2:$B$3098,$D13,Abschlüsse!$L$2:$L$3098,"ET")) -> 6 | I13: =IF($A13="","",IF($G13>$H13,3,IF($G13=$H13,1,IF($G13<$H13,0,"")))) -> 0 | J13: =IF($A13="","",IF($G13<$H13,3,IF($G13=$H13,1,IF($G13>$H13,0,"")))) -> 3
... A16: 15 | B16: 45710 | C16: FCN | D16: FCD | E16: 45 | F16: 44 | G16: =SUM(COUNTIFS(Abschlüsse!$A$2:$A$3098,$A16,Abschlüsse!$B$2:$B$3098,$C16,Abschlüsse!$L$2:$L$3098,"Tor"),COUNTIFS(Abschlüsse!$A$2:$A$3098,$A16,Abschlüsse!$B$2:$B$3098,$C16,Abschlüsse!$L$2:$L$3098,"ET")) -> 1 | H16: =SUM(COUNTIFS(Abschlüsse!$A$2:$A$3098,$A16,Abschlüsse!$B$2:$B$3098,$D16,Abschlüsse!$L$2:$L$3098,"Tor"),COUNTIFS(Abschlüsse!$A$2:$A$3098,$A16,Abschlüsse!$B$2:$B$3098,$D16,Abschlüsse!$L$2:$L$3098,"ET")) -> 2 | I16: =IF($A16="","",IF($G16>$H16,3,IF($G16=$H16,1,IF($G16<$H16,0,"")))) -> 0 | J16: =IF($A16="","",IF($G16<$H16,3,IF($G16=$H16,1,IF($G16>$H16,0,"")))) -> 3

Sheet Spielzeiten
A1: SID | B1: Nr | C1: 1Von | D1: 1Bis | E1: 2Von | F1: 2Bis | G1: SZ
A2: 1 | B2: 1 | C2: 1 | D2: 40 | E2: 41 | F2: 80 | G2: =SUM(Tabelle10[[#This Row],[1Bis]],Tabelle10[[#This Row],[2Bis]])-SUM(Tabelle10[[#This Row],[1Von]],Tabelle10[[#This Row],[2Von]])+IF(Tabelle10[[#This Row],[2Von]]>0,1)+IF(Tabelle10[[#This Row],[1Von]]>0,1) -> 80
A3: 1 | B3: 13 | C3: 1 | D3: 40 | E3: 41 | F3: 80 | G3: =SUM(Tabelle10[[#This Row],[1Bis]],Tabelle10[[#This Row],[2Bis]])-SUM(Tabelle10[[#This Row],[1Von]],Tabelle10[[#This Row],[2Von]])+IF(Tabelle10[[#This Row],[2Von]]>0,1)+IF(Tabelle10[[#This Row],[1Von]]>0,1) -> 80
A4: 1 | B4: 20 | C4: 1 | D4: 40 | E4: 41 | F4: 80 | G4: =SUM(Tabelle10[[#This Row],[1Bis]],Tabelle10[[#This Row],[2Bis]])-SUM(Tabelle10[[#This Row],[1Von]],Tabelle10[[#This Row],[2Von]])+IF(Tabelle10[[#This Row],[2Von]]>0,1)+IF(Tabelle10[[#This Row],[1Von]]>0,1) -> 80
A5: 1 | B5: 26 | C5: 1 | D5: 40 | E5: 41 | F5: 80 | G5: =SUM(Tabelle10[[#This Row],[1Bis]],Tabelle10[[#This Row],[2Bis]])-SUM(Tabelle10[[#This Row],[1Von]],Tabelle10[[#This Row],[2Von]])+IF(Tabelle10[[#This Row],[2Von]]>0,1)+IF(Tabelle10[[#This Row],[1Von]]>0,1) -> 80
A6: 1 | B6: 23 | C6: 1 | D6: 40 | E6: 41 | F6: 70 | G6: =SUM(Tabelle10[[#This Row],[1Bis]],Tabelle10[[#This Row],[2Bis]])-SUM(Tabelle10[[#This Row],[1Von]],Tabelle10[[#This Row],[2Von]])+IF(Tabelle10[[#This Row],[2Von]]>0,1)+IF(Tabelle10[[#This Row],[1Von]]>0,1) -> 70
A7: 1 | B7: 6 | C7: 1 | D7: 40 | E7: 41 | F7: 80 | G7: =SUM(Tabelle10[[#This Row],[1Bis]],Tabelle10[[#This Row],[2Bis]])-SUM(Tabelle10[[#This Row],[1Von]],Tabelle10[[#This Row],[2Von]])+IF(Tabelle10[[#This Row],[2Von]]>0,1)+IF(Tabelle10[[#This Row],[1Von]]>0,1) -> 80
A8: 1 | B8: 11 | C8: 1 | D8: 40 | E8: 41 | F8: 49 | G8: =SUM(Tabelle10[[#This Row],[1Bis]],Tabelle10[[#This Row],[2Bis]])-SUM(Tabelle10[[#This Row],[1Von]],Tabelle10[[#This Row],[2Von]])+IF(Tabelle10[[#This Row],[2Von]]>0,1)+IF(Tabelle10[[#This Row],[1Von]]>0,1) -> 49
A9: 1 | B9: 27 | C9: 1 | D9: 40 | E9: 41 | F9: 49 | G9: =SUM(Tabelle10[[#This Row],[1Bis]],Tabelle10[[#This Row],[2Bis]])-SUM(Tabelle10[[#This Row],[1Von]],Tabelle10[[#This Row],[2Von]])+IF(Tabelle10[[#This Row],[2Von]]>0,1)+IF(Tabelle10[[#This Row],[1Von]]>0,1) -> 49
A10: 1 | B10: 8 | C10: 1 | D10: 40 | E10: 41 | F10: 80 | G10: =SUM(Tabelle10[[#This Row],[1Bis]],Tabelle10[[#This Row],[2Bis]])-SUM(Tabelle10[[#This Row],[1Von]],Tabelle10[[#This Row],[2Von]])+IF(Tabelle10[[#This Row],[2Von]]>0,1)+IF(Tabelle10[[#This Row],[1Von]]>0,1) -> 80
A11: 1 | B11: 7 | C11: 1 | D11: 40 | E11: 41 | F11: 80 | G11: =SUM(Tabelle10[[#This Row],[1Bis]],Tabelle10[[#This Row],[2Bis]])-SUM(Tabelle10[[#This Row],[1Von]],Tabelle10[[#This Row],[2Von]])+IF(Tabelle10[[#This Row],[2Von]]>0,1)+IF(Tabelle10[[#This Row],[1Von]]>0,1) -> 80
A12: 1 | B12: 9 | C12: 1 | D12: 40 | E12: 41 | F12: 60 | G12: =SUM(Tabelle10[[#This Row],[1Bis]],Tabelle10[[#This Row],[2Bis]])-SUM(Tabelle10[[#This Row],[1Von]],Tabelle10[[#This Row],[2Von]])+IF(Tabelle10[[#This Row],[2Von]]>0,1)+IF(Tabelle10[[#This Row],[1Von]]>0,1) -> 60
A13: 1 | B13: 18 | E13: 50 | F13: 80 | G13: =SUM(Tabelle10[[#This Row],[1Bis]],Tabelle10[[#This Row],[2Bis]])-SUM(Tabelle10[[#This Row],[1Von]],Tabelle10[[#This Row],[2Von]])+IF(Tabelle10[[#This Row],[2Von]]>0,1)+IF(Tabelle10[[#This Row],[1Von]]>0,1) -> 31
A14: 1 | B14: 5 | E14: 50 | F14: 80 | G14: =SUM(Tabelle10[[#This Row],[1Bis]],Tabelle10[[#This Row],[2Bis]])-SUM(Tabelle10[[#This Row],[1Von]],Tabelle10[[#This Row],[2Von]])+IF(Tabelle10[[#This Row],[2Von]]>0,1)+IF(Tabelle10[[#This Row],[1Von]]>0,1) -> 31
A15: 1 | B15: 25 | E15: 61 | F15: 80 | G15: =SUM(Tabelle10[[#This Row],[1Bis]],Tabelle10[[#This Row],[2Bis]])-SUM(Tabelle10[[#This Row],[1Von]],Tabelle10[[#This Row],[2Von]])+IF(Tabelle10[[#This Row],[2Von]]>0,1)+IF(Tabelle10[[#This Row],[1Von]]>0,1) -> 20
A16: 1 | B16: 19 | E16: 71 | F16: 80 | G16: =SUM(Tabelle10[[#This Row],[1Bis]],Tabelle10[[#This Row],[2Bis]])-SUM(Tabelle10[[#This Row],[1Von]],Tabelle10[[#This Row],[2Von]])+IF(Tabelle10[[#This Row],[2Von]]>0,1)+IF(Tabelle10[[#This Row],[1Von]]>0,1) -> 10
A17: 2 | B17: 1 | C17: 1 | D17: 40 | E17: 41 | F17: 83 | G17: =SUM(Tabelle10[[#This Row],[1Bis]],Tabelle10[[#This Row],[2Bis]])-SUM(Tabelle10[[#This Row],[1Von]],Tabelle10[[#This Row],[2Von]])+IF(Tabelle10[[#This Row],[2Von]]>0,1)+IF(Tabelle10[[#This Row],[1Von]]>0,1) -> 83
A18: 2 | B18: 13 | C18: 1 | D18: 40 | E18: 41 | F18: 83 | G18: =SUM(Tabelle10[[#This Row],[1Bis]],Tabelle10[[#This Row],[2Bis]])-SUM(Tabelle10[[#This Row],[1Von]],Tabelle10[[#This Row],[2Von]])+IF(Tabelle10[[#This Row],[2Von]]>0,1)+IF(Tabelle10[[#This Row],[1Von]]>0,1) -> 83
A19: 2 | B19: 20 | C19: 1 | D19: 40 | E19: 41 | F19: 83 | G19: =SUM(Tabelle10[[#This Row],[1Bis]],Tabelle10[[#This Row],[2Bis]])-SUM(Tabelle10[[#This Row],[1Von]],Tabelle10[[#This Row],[2Von]])+IF(Tabelle10[[#This Row],[2Von]]>0,1)+IF(Tabelle10[[#This Row],[1Von]]>0,1) -> 83
A20: 2 | B20: 26 | C20: 1 | D20: 40 | E20: 41 | F20: 83 | G20: =SUM(Tabelle10[[#This Row],[1Bis]],Tabelle10[[#This Row],[2Bis]])-SUM(Tabelle10[[#This Row],[1Von]],Tabelle10[[#This Row],[2Von]])+IF(Tabelle10[[#This Row],[2Von]]>0,1)+IF(Tabelle10[[#This Row],[1Von]]>0,1) -> 83
A21: 2 | B21: 23 | C21: 1 | D21: 40 | E21: 41 | F21: 83 | G21: =SUM(Tabelle10[[#This Row],[1Bis]],Tabelle10[[#This Row],[2Bis]])-SUM(Tabelle10[[#This Row],[1Von]],Tabelle10[[#This Row],[2Von]])+IF(Tabelle10[[#This Row],[2Von]]>0,1)+IF(Tabelle10[[#This Row],[1Von]]>0,1) -> 83
A22: 2 | B22: 5 | C22: 1 | D22: 40 | E22: 41 | F22: 83 | G22: =SUM(Tabelle10[[#This Row],[1Bis]],Tabelle10[[#This Row],[2Bis]])-SUM(Tabelle10[[#This Row],[1Von]],Tabelle10[[#This Row],[2Von]])+IF(Tabelle10[[#This Row],[2Von]]>0,1)+IF(Tabelle10[[#This Row],[1Von]]>0,1) -> 83
A23: 2 | B23: 6 | C23: 1 | D23: 40 | E23: 41 | F23: 57 | G23: =SUM(Tabelle10[[#This Row],[1Bis]],Tabelle10[[#This Row],[2Bis]])-SUM(Tabelle10[[#This Row],[1Von]],Tabelle10[[#This Row],[2Von]])+IF(Tabelle10[[#This Row],[2Von]]>0,1)+IF(Tabelle10[[#This Row],[1Von]]>0,1) -> 57
A24: 2 | B24: 27 | C24: 1 | D24: 40 | E24: 41 | F24: 68 | G24: =SUM(Tabelle10[[#This Row],[1Bis]],Tabelle10[[#This Row],[2Bis]])-SUM(Tabelle10[[#This Row],[1Von]],Tabelle10[[#This Row],[2Von]])+IF(Tabelle10[[#This Row],[2Von]]>0,1)+IF(Tabelle10[[#This Row],[1Von]]>0,1) -> 68
A25: 2 | B25: 8 | C25: 1 | D25: 40 | E25: 41 | F25: 83 | G25: =SUM(Tabelle10[[#This Row],[1Bis]],Tabelle10[[#This Row],[2Bis]])-SUM(Tabelle10[[#This Row],[1Von]],Tabelle10[[#This Row],[2Von]])+IF(Tabelle10[[#This Row],[2Von]]>0,1)+IF(Tabelle10[[#This Row],[1Von]]>0,1) -> 83
A26: 2 | B26: 7 | C26: 1 | D26: 40 | E26: 41 | F26: 57 | G26: =SUM(Tabelle10[[#This Row],[1Bis]],Tabelle10[[#This Row],[2Bis]])-SUM(Tabelle10[[#This Row],[1Von]],Tabelle10[[#This Row],[2Von]])+IF(Tabelle10[[#This Row],[2Von]]>0,1)+IF(Tabelle10[[#This Row],[1Von]]>0,1) -> 57
A27: 2 | B27: 9 | C27: 1 | D27: 40 | E27: 41 | F27: 83 | G27: =SUM(Tabelle10[[#This Row],[1Bis]],Tabelle10[[#This Row],[2Bis]])-SUM(Tabelle10[[#This Row],[1Von]],Tabelle10[[#This Row],[2Von]])+IF(Tabelle10[[#This Row],[2Von]]>0,1)+IF(Tabelle10[[#This Row],[1Von]]>0,1) -> 83
A28: 2 | B28: 25 | E28: 58 | F28: 83 | G28: =SUM(Tabelle10[[#This Row],[1Bis]],Tabelle10[[#This Row],[2Bis]])-SUM(Tabelle10[[#This Row],[1Von]],Tabelle10[[#This Row],[2Von]])+IF(Tabelle10[[#This Row],[2Von]]>0,1)+IF(Tabelle10[[#This Row],[1Von]]>0,1) -> 26
A29: 2 | B29: 19 | E29: 58 | F29: 83 | G29: =SUM(Tabelle10[[#This Row],[1Bis]],Tabelle10[[#This Row],[2Bis]])-SUM(Tabelle10[[#This Row],[1Von]],Tabelle10[[#This Row],[2Von]])+IF(Tabelle10[[#This Row],[2Von]]>0,1)+IF(Tabelle10[[#This Row],[1Von]]>0,1) -> 26
A30: 2 | B30: 18 | E30: 69 | F30: 83 | G30: =SUM(Tabelle10[[#This Row],[1Bis]],Tabelle10[[#This Row],[2Bis]])-SUM(Tabelle10[[#This Row],[1Von]],Tabelle10[[#This Row],[2Von]])+IF(Tabelle10[[#This Row],[2Von]]>0,1)+IF(Tabelle10[[#This Row],[1Von]]>0,1) -> 15
A31: 3 | B31: 21 | C31: 1 | D31: 40 | E31: 41 | F31: 80 | G31: =SUM(Tabelle10[[#This Row],[1Bis]],Tabelle10[[#This Row],[2Bis]])-SUM(Tabelle10[[#This Row],[1Von]],Tabelle10[[#This Row],[2Von]])+IF(Tabelle10[[#This Row],[2Von]]>0,1)+IF(Tabelle10[[#This Row],[1Von]]>0,1) -> 80
A32: 3 | B32: 13 | C32: 1 | D32: 40 | E32: 41 | F32: 57 | G32: =SUM(Tabelle10[[#This Row],[1Bis]],Tabelle10[[#This Row],[2Bis]])-SUM(Tabelle10[[#This Row],[1Von]],Tabelle10[[#This Row],[2Von]])+IF(Tabelle10[[#This Row],[2Von]]>0,1)+IF(Tabelle10[[#This Row],[1Von]]>0,1) -> 57
A33: 3 | B33: 20 | C33: 1 | D33: 40 | E33: 41 | F33: 80 | G33: =SUM(Tabelle10[[#This Row],[1Bis]],Tabelle10[[#This Row],[2Bis]])-SUM(Tabelle10[[#This Row],[1Von]],Tabelle10[[#This Row],[2Von]])+IF(Tabelle10[[#This Row],[2Von]]>0,1)+IF(Tabelle10[[#This Row],[1Von]]>0,1) -> 80
A34: 3 | B34: 16 | C34: 1 | D34: 40 | E34: 41 | F34: 80 | G34: =SUM(Tabelle10[[#This Row],[1Bis]],Tabelle10[[#This Row],[2Bis]])-SUM(Tabelle10[[#This Row],[1Von]],Tabelle10[[#This Row],[2Von]])+IF(Tabelle10[[#This Row],[2Von]]>0,1)+IF(Tabelle10[[#This Row],[1Von]]>0,1) -> 80
A35: 3 | B35: 23 | C35: 1 | D35: 40 | E35: 41 | F35: 80 | G35: =SUM(Tabelle10[[#This Row],[1Bis]],Tabelle10[[#This Row],[2Bis]])-SUM(Tabelle10[[#This Row],[1Von]],Tabelle10[[#This Row],[2Von]])+IF(Tabelle10[[#This Row],[2Von]]>0,1)+IF(Tabelle10[[#This Row],[1Von]]>0,1) -> 80
A36: 3 | B36: 26 | C36: 1 | D36: 40 | E36: 41 | F36: 80 | G36: =SUM(Tabelle10[[#This Row],[1Bis]],Tabelle10[[#This Row],[2Bis]])-SUM(Tabelle10[[#This Row],[1Von]],Tabelle10[[#This Row],[2Von]])+IF(Tabelle10[[#This Row],[2Von]]>0,1)+IF(Tabelle10[[#This Row],[1Von]]>0,1) -> 80
A37: 3 | B37: 6 | C37: 1 | D37: 40 | E37: 41 | F37: 66 | G37: =SUM(Tabelle10[[#This Row],[1Bis]],Tabelle10[[#This Row],[2Bis]])-SUM(Tabelle10[[#This Row],[1Von]],Tabelle10[[#This Row],[2Von]])+IF(Tabelle10[[#This Row],[2Von]]>0,1)+IF(Tabelle10[[#This Row],[1Von]]>0,1) -> 66
A38: 3 | B38: 7 | C38: 1 | D38: 40 | E38: 41 | F38: 80 | G38: =SUM(Tabelle10[[#This Row],[1Bis]],Tabelle10[[#This Row],[2Bis]])-SUM(Tabelle10[[#This Row],[1Von]],Tabelle10[[#This Row],[2Von]])+IF(Tabelle10[[#This Row],[2Von]]>0,1)+IF(Tabelle10[[#This Row],[1Von]]>0,1) -> 80
A39: 3 | B39: 8 | C39: 1 | D39: 40 | E39: 41 | F39: 48 | G39: =SUM(Tabelle10[[#This Row],[1Bis]],Tabelle10[[#This Row],[2Bis]])-SUM(Tabelle10[[#This Row],[1Von]],Tabelle10[[#This Row],[2Von]])+IF(Tabelle10[[#This Row],[2Von]]>0,1)+IF(Tabelle10[[#This Row],[1Von]]>0,1) -> 48
A40: 3 | B40: 27 | C40: 1 | D40: 40 | E40: 41 | F40: 57 | G40: =SUM(Tabelle10[[#This Row],[1Bis]],Tabelle10[[#This Row],[2Bis]])-SUM(Tabelle10[[#This Row],[1Von]],Tabelle10[[#This Row],[2Von]])+IF(Tabelle10[[#This Row],[2Von]]>0,1)+IF(Tabelle10[[#This Row],[1Von]]>0,1) -> 57
A41: 3 | B41: 9 | C41: 1 | D41: 40 | E41: 41 | F41: 66 | G41: =SUM(Tabelle10[[#This Row],[1Bis]],Tabelle10[[#This Row],[2Bis]])-SUM(Tabelle10[[#This Row],[1Von]],Tabelle10[[#This Row],[2Von]])+IF(Tabelle10[[#This Row],[2Von]]>0,1)+IF(Tabelle10[[#This Row],[1Von]]>0,1) -> 66
A42: 3 | B42: 10 | E42: 49 | F42: 80 | G42: =SUM(Tabelle10[[#This Row],[1Bis]],Tabelle10[[#This Row],[2Bis]])-SUM(Tabelle10[[#This Row],[1Von]],Tabelle10[[#This Row],[2Von]])+IF(Tabelle10[[#This Row],[2Von]]>0,1)+IF(Tabelle10[[#This Row],[1Von]]>0,1) -> 32
A43: 3 | B43: 19 | E43: 58 | F43: 80 | G43: =SUM(Tabelle10[[#This Row],[1Bis]],Tabelle10[[#This Row],[2Bis]])-SUM(Tabelle10[[#This Row],[1Von]],Tabelle10[[#This Row],[2Von]])+IF(Tabelle10[[#This Row],[2Von]]>0,1)+IF(Tabelle10[[#This Row],[1Von]]>0,1) -> 23
A44: 3 | B44: 18 | E44: 58 | F44: 80 | G44: =SUM(Tabelle10[[#This Row],[1Bis]],Tabelle10[[#This Row],[2Bis]])-SUM(Tabelle10[[#This Row],[1Von]],Tabelle10[[#This Row],[2Von]])+IF(Tabelle10[[#This Row],[2Von]]>0,1)+IF(Tabelle10[[#This Row],[1Von]]>0,1) -> 23
A45: 3 | B45: 11 | E45: 67 | F45: 80 | G45: =SUM(Tabelle10[[#This Row],[1Bis]],Tabelle10[[#This Row],[2Bis]])-SUM(Tabelle10[[#This Row],[1Von]],Tabelle10[[#This Row],[2Von]])+IF(Tabelle10[[#This Row],[2Von]]>0,1)+IF(Tabelle10[[#This Row],[1Von]]>0,1) -> 14
A46: 3 | B46: 25 | E46: 67 | F46: 80 | G46: =SUM(Tabelle10[[#This Row],[1Bis]],Tabelle10[[#This Row],[2Bis]])-SUM(Tabelle10[[#This Row],[1Von]],Tabelle10[[#This Row],[2Von]])+IF(Tabelle10[[#This Row],[2Von]]>0,1)+IF(Tabelle10[[#This Row],[1Von]]>0,1) -> 14
A47: 4 | B47: 21 | C47: 1 | D47: 42 | E47: 41 | F47: 83 | G47: =SUM(Tabelle10[[#This Row],[1Bis]],Tabelle10[[#This Row],[2Bis]])-SUM(Tabelle10[[#This Row],[1Von]],Tabelle10[[#This Row],[2Von]])+IF(Tabelle10[[#This Row],[2Von]]>0,1)+IF(Tabelle10[[#This Row],[1Von]]>0,1) -> 85
A48: 4 | B48: 20 | C48: 1 | D48: 42 | E48: 41 | F48: 83 | G48: =SUM(Tabelle10[[#This Row],[1Bis]],Tabelle10[[#This Row],[2Bis]])-SUM(Tabelle10[[#This Row],[1Von]],Tabelle10[[#This Row],[2Von]])+IF(Tabelle10[[#This Row],[2Von]]>0,1)+IF(Tabelle10[[#This Row],[1Von]]>0,1) -> 85
A49: 4 | B49: 16 | C49: 1 | D49: 42 | E49: 41 | F49: 83 | G49: =SUM(Tabelle10[[#This Row],[1Bis]],Tabelle10[[#This Row],[2Bis]])-SUM(Tabelle10[[#This Row],[1Von]],Tabelle10[[#This Row],[2Von]])+IF(Tabelle10[[#This Row],[2Von]]>0,1)+IF(Tabelle10[[#This Row],[1Von]]>0,1) -> 85
A50: 4 | B50: 23 | C50: 1 | D50: 42 | E50: 41 | F50: 83 | G50: =SUM(Tabelle10[[#This Row],[1Bis]],Tabelle10[[#This Row],[2Bis]])-SUM(Tabelle10[[#This Row],[1Von]],Tabelle10[[#This Row],[2Von]])+IF(Tabelle10[[#This Row],[2Von]]>0,1)+IF(Tabelle10[[#This Row],[1Von]]>0,1) -> 85
A51: 4 | B51: 19 | C51: 1 | D51: 42 | G51: =SUM(Tabelle10[[#This Row],[1Bis]],Tabelle10[[#This Row],[2Bis]])-SUM(Tabelle10[[#This Row],[1Von]],Tabelle10[[#This Row],[2Von]])+IF(Tabelle10[[#This Row],[2Von]]>0,1)+IF(Tabelle10[[#This Row],[1Von]]>0,1) -> 42
A52: 4 | B52: 5 | C52: 1 | D52: 42 | E52: 41 | F52: 57 | G52: =SUM(Tabelle10[[#This Row],[1Bis]],Tabelle10[[#This Row],[2Bis]])-SUM(Tabelle10[[#This Row],[1Von]],Tabelle10[[#This Row],[2Von]])+IF(Tabelle10[[#This Row],[2Von]]>0,1)+IF(Tabelle10[[#This Row],[1Von]]>0,1) -> 59
A53: 4 | B53: 6 | C53: 1 | D53: 42 | E53: 41 | F53: 83 | G53: =SUM(Tabelle10[[#This Row],[1Bis]],Tabelle10[[#This Row],[2Bis]])-SUM(Tabelle10[[#This Row],[1Von]],Tabelle10[[#This Row],[2Von]])+IF(Tabelle10[[#This Row],[2Von]]>0,1)+IF(Tabelle10[[#This Row],[1Von]]>0,1) -> 85
A54: 4 | B54: 27 | C54: 1 | D54: 42 | E54: 41 | F54: 57 | G54: =SUM(Tabelle10[[#This Row],[1Bis]],Tabelle10[[#This Row],[2Bis]])-SUM(Tabelle10[[#This Row],[1Von]],Tabelle10[[#This Row],[2Von]])+IF(Tabelle10[[#This Row],[2Von]]>0,1)+IF(Tabelle10[[#This Row],[1Von]]>0,1) -> 59
A55: 4 | B55: 8 | C55: 1 | D55: 42 | E55: 41 | F55: 83 | G55: =SUM(Tabelle10[[#This Row],[1Bis]],Tabelle10[[#This Row],[2Bis]])-SUM(Tabelle10[[#This Row],[1Von]],Tabelle10[[#This Row],[2Von]])+IF(Tabelle10[[#This Row],[2Von]]>0,1)+IF(Tabelle10[[#This Row],[1Von]]>0,1) -> 85
A56: 4 | B56: 10 | C56: 1 | D56: 42 | E56: 41 | F56: 79 | G56: =SUM(Tabelle10[[#This Row],[1Bis]],Tabelle10[[#This Row],[2Bis]])-SUM(Tabelle10[[#This Row],[1Von]],Tabelle10[[#This Row],[2Von]])+IF(Tabelle10[[#This Row],[2Von]]>0,1)+IF(Tabelle10[[#This Row],[1Von]]>0,1) -> 81
A57: 4 | B57: 7 | C57: 1 | D57: 42 | E57: 41 | F57: 83 | G57: =SUM(Tabelle10[[#This Row],[1Bis]],Tabelle10[[#This Row],[2Bis]])-SUM(Tabelle10[[#This Row],[1Von]],Tabelle10[[#This Row],[2Von]])+IF(Tabelle10[[#This Row],[2Von]]>0,1)+IF(Tabelle10[[#This Row],[1Von]]>0,1) -> 85
A58: 4 | B58: 13 | E58: 41 | F58: 83 | G58: =SUM(Tabelle10[[#This Row],[1Bis]],Tabelle10[[#This Row],[2Bis]])-SUM(Tabelle10[[#This Row],[1Von]],Tabelle10[[#This Row],[2Von]])+IF(Tabelle10[[#This Row],[2Von]]>0,1)+IF(Tabelle10[[#This Row],[1Von]]>0,1) -> 43
A59: 4 | B59: 26 | E59: 58 | F59: 83 | G59: =SUM(Tabelle10[[#This Row],[1Bis]],Tabelle10[[#This Row],[2Bis]])-SUM(Tabelle10[[#This Row],[1Von]],Tabelle10[[#This Row],[2Von]])+IF(Tabelle10[[#This Row],[2Von]]>0,1)+IF(Tabelle10[[#This Row],[1Von]]>0,1) -> 26
A60: 4 | B60: 9 | E60: 58 | F60: 83 | G60: =SUM(Tabelle10[[#This Row],[1Bis]],Tabelle10[[#This Row],[2Bis]])-SUM(Tabelle10[[#This Row],[1Von]],Tabelle10[[#This Row],[2Von]])+IF(Tabelle10[[#This Row],[2Von]]>0,1)+IF(Tabelle10[[#This Row],[1Von]]>0,1) -> 26
A61: 4 | B61: 25 | E61: 80 | F61: 83 | G61: =SUM(Tabelle10[[#This Row],[1Bis]],Tabelle10[[#This Row],[2Bis]])-SUM(Tabelle10[[#This Row],[1Von]],Tabelle10[[#This Row],[2Von]])+IF(Tabelle10[[#This Row],[2Von]]>0,1)+IF(Tabelle10[[#This Row],[1Von]]>0,1) -> 4
A62: 5 | B62: 1 | C62: 1 | D62: 41 | E62: 41 | F62: 82 | G62: =SUM(Tabelle10[[#This Row],[1Bis]],Tabelle10[[#This Row],[2Bis]])-SUM(Tabelle10[[#This Row],[1Von]],Tabelle10[[#This Row],[2Von]])+IF(Tabelle10[[#This Row],[2Von]]>0,1)+IF(Tabelle10[[#This Row],[1Von]]>0,1) -> 83
A63: 5 | B63: 13 | C63: 1 | D63: 41 | E63: 41 | F63: 82 | G63: =SUM(Tabelle10[[#This Row],[1Bis]],Tabelle10[[#This Row],[2Bis]])-SUM(Tabelle10[[#This Row],[1Von]],Tabelle10[[#This Row],[2Von]])+IF(Tabelle10[[#This Row],[2Von]]>0,1)+IF(Tabelle10[[#This Row],[1Von]]>0,1) -> 83
A64: 5 | B64: 20 | C64: 1 | D64: 41 | E64: 41 | F64: 82 | G64: =SUM(Tabelle10[[#This Row],[1Bis]],Tabelle10[[#This Row],[2Bis]])-SUM(Tabelle10[[#This Row],[1Von]],Tabelle10[[#This Row],[2Von]])+IF(Tabelle10[[#This Row],[2Von]]>0,1)+IF(Tabelle10[[#This Row],[1Von]]>0,1) -> 83
A65: 5 | B65: 16 | C65: 1 | D65: 41 | E65: 41 | F65: 82 | G65: =SUM(Tabelle10[[#This Row],[1Bis]],Tabelle10[[#This Row],[2Bis]])-SUM(Tabelle10[[#This Row],[1Von]],Tabelle10[[#This Row],[2Von]])+IF(Tabelle10[[#This Row],[2Von]]>0,1)+IF(Tabelle10[[#This Row],[1Von]]>0,1) -> 83
A66: 5 | B66: 23 | C66: 1 | D66: 41 | E66: 41 | F66: 82 | G66: =SUM(Tabelle10[[#This Row],[1Bis]],Tabelle10[[#This Row],[2Bis]])-SUM(Tabelle10[[#This Row],[1Von]],Tabelle10[[#This Row],[2Von]])+IF(Tabelle10[[#This Row],[2Von]]>0,1)+IF(Tabelle10[[#This Row],[1Von]]>0,1) -> 83
A67: 5 | B67: 26 | C67: 1 | D67: 41 | E67: 41 | F67: 76 | G67: =SUM(Tabelle10[[#This Row],[1Bis]],Tabelle10[[#This Row],[2Bis]])-SUM(Tabelle10[[#This Row],[1Von]],Tabelle10[[#This Row],[2Von]])+IF(Tabelle10[[#This Row],[2Von]]>0,1)+IF(Tabelle10[[#This Row],[1Von]]>0,1) -> 77
A68: 5 | B68: 5 | C68: 1 | D68: 41 | E68: 41 | F68: 51 | G68: =SUM(Tabelle10[[#This Row],[1Bis]],Tabelle10[[#This Row],[2Bis]])-SUM(Tabelle10[[#This Row],[1Von]],Tabelle10[[#This Row],[2Von]])+IF(Tabelle10[[#This Row],[2Von]]>0,1)+IF(Tabelle10[[#This Row],[1Von]]>0,1) -> 52
A69: 5 | B69: 7 | C69: 1 | D69: 41 | E69: 41 | F69: 76 | G69: =SUM(Tabelle10[[#This Row],[1Bis]],Tabelle10[[#This Row],[2Bis]])-SUM(Tabelle10[[#This Row],[1Von]],Tabelle10[[#This Row],[2Von]])+IF(Tabelle10[[#This Row],[2Von]]>0,1)+IF(Tabelle10[[#This Row],[1Von]]>0,1) -> 77
A70: 5 | B70: 8 | C70: 1 | D70: 41 | E70: 41 | F70: 82 | G70: =SUM(Tabelle10[[#This Row],[1Bis]],Tabelle10[[#This Row],[2Bis]])-SUM(Tabelle10[[#This Row],[1Von]],Tabelle10[[#This Row],[2Von]])+IF(Tabelle10[[#This Row],[2Von]]>0,1)+IF(Tabelle10[[#This Row],[1Von]]>0,1) -> 83
A71: 5 | B71: 10 | C71: 1 | D71: 41 | E71: 41 | F71: 51 | G71: =SUM(Tabelle10[[#This Row],[1Bis]],Tabelle10[[#This Row],[2Bis]])-SUM(Tabelle10[[#This Row],[1Von]],Tabelle10[[#This Row],[2Von]])+IF(Tabelle10[[#This Row],[2Von]]>0,1)+IF(Tabelle10[[#This Row],[1Von]]>0,1) -> 52
A72: 5 | B72: 9 | C72: 1 | D72: 41 | E72: 41 | F72: 61 | G72: =SUM(Tabelle10[[#This Row],[1Bis]],Tabelle10[[#This Row],[2Bis]])-SUM(Tabelle10[[#This Row],[1Von]],Tabelle10[[#This Row],[2Von]])+IF(Tabelle10[[#This Row],[2Von]]>0,1)+IF(Tabelle10[[#This Row],[1Von]]>0,1) -> 62
A73: 5 | B73: 6 | E73: 52 | F73: 82 | G73: =SUM(Tabelle10[[#This Row],[1Bis]],Tabelle10[[#This Row],[2Bis]])-SUM(Tabelle10[[#This Row],[1Von]],Tabelle10[[#This Row],[2Von]])+IF(Tabelle10[[#This Row],[2Von]]>0,1)+IF(Tabelle10[[#This Row],[1Von]]>0,1) -> 31
A74: 5 | B74: 27 | E74: 52 | F74: 82 | G74: =SUM(Tabelle10[[#This Row],[1Bis]],Tabelle10[[#This Row],[2Bis]])-SUM(Tabelle10[[#This Row],[1Von]],Tabelle10[[#This Row],[2Von]])+IF(Tabelle10[[#This Row],[2Von]]>0,1)+IF(Tabelle10[[#This Row],[1Von]]>0,1) -> 31
A75: 5 | B75: 25 | E75: 62 | F75: 82 | G75: =SUM(Tabelle10[[#This Row],[1Bis]],Tabelle10[[#This Row],[2Bis]])-SUM(Tabelle10[[#This Row],[1Von]],Tabelle10[[#This Row],[2Von]])+IF(Tabelle10[[#This Row],[2Von]]>0,1)+IF(Tabelle10[[#This Row],[1Von]]>0,1) -> 21
A76: 5 | B76: 19 | E76: 77 | F76: 82 | G76: =SUM(Tabelle10[[#This Row],[1Bis]],Tabelle10[[#This Row],[2Bis]])-SUM(Tabelle10[[#This Row],[1Von]],Tabelle10[[#This Row],[2Von]])+IF(Tabelle10[[#This Row],[2Von]]>0,1)+IF(Tabelle10[[#This Row],[1Von]]>0,1) -> 6
A77: 5 | B77: 18 | E77: 77 | F77: 82 | G77: =SUM(Tabelle10[[#This Row],[1Bis]],Tabelle10[[#This Row],[2Bis]])-SUM(Tabelle10[[#This Row],[1Von]],Tabelle10[[#This Row],[2Von]])+IF(Tabelle10[[#This Row],[2Von]]>0,1)+IF(Tabelle10[[#This Row],[1Von]]>0,1) -> 6
A78: 6 | B78: 1 | C78: 1 | D78: 41 | E78: 41 | F78: 85 | G78: =SUM(Tabelle10[[#This Row],[1Bis]],Tabelle10[[#This Row],[2Bis]])-SUM(Tabelle10[[#This Row],[1Von]],Tabelle10[[#This Row],[2Von]])+IF(Tabelle10[[#This Row],[2Von]]>0,1)+IF(Tabelle10[[#This Row],[1Von]]>0,1) -> 86
A79: 6 | B79: 4 | C79: 1 | D79: 41 | E79: 41 | F79: 85 | G79: =SUM(Tabelle10[[#This Row],[1Bis]],Tabelle10[[#This Row],[2Bis]])-SUM(Tabelle10[[#This Row],[1Von]],Tabelle10[[#This Row],[2Von]])+IF(Tabelle10[[#This Row],[2Von]]>0,1)+IF(Tabelle10[[#This Row],[1Von]]>0,1) -> 86
A80: 6 | B80: 20 | C80: 1 | D80: 41 | E80: 41 | F80: 70 | G80: =SUM(Tabelle10[[#This Row],[1Bis]],Tabelle10[[#This Row],[2Bis]])-SUM(Tabelle10[[#This Row],[1Von]],Tabelle10[[#This Row],[2Von]])+IF(Tabelle10[[#This Row],[2Von]]>0,1)+IF(Tabelle10[[#This Row],[1Von]]>0,1) -> 71
A81: 6 | B81: 16 | C81: 1 | D81: 41 | E81: 41 | F81: 85 | G81: =SUM(Tabelle10[[#This Row],[1Bis]],Tabelle10[[#This Row],[2Bis]])-SUM(Tabelle10[[#This Row],[1Von]],Tabelle10[[#This Row],[2Von]])+IF(Tabelle10[[#This Row],[2Von]]>0,1)+IF(Tabelle10[[#This Row],[1Von]]>0,1) -> 86
A82: 6 | B82: 23 | C82: 1 | D82: 41 | E82: 41 | F82: 85 | G82: =SUM(Tabelle10[[#This Row],[1Bis]],Tabelle10[[#This Row],[2Bis]])-SUM(Tabelle10[[#This Row],[1Von]],Tabelle10[[#This Row],[2Von]])+IF(Tabelle10[[#This Row],[2Von]]>0,1)+IF(Tabelle10[[#This Row],[1Von]]>0,1) -> 86
A83: 6 | B83: 26 | C83: 1 | D83: 41 | E83: 41 | F83: 85 | G83: =SUM(Tabelle10[[#This Row],[1Bis]],Tabelle10[[#This Row],[2Bis]])-SUM(Tabelle10[[#This Row],[1Von]],Tabelle10[[#This Row],[2Von]])+IF(Tabelle10[[#This Row],[2Von]]>0,1)+IF(Tabelle10[[#This Row],[1Von]]>0,1) -> 86
A84: 6 | B84: 11 | C84: 1 | D84: 41 | E84: 41 | F84: 74 | G84: =SUM(Tabelle10[[#This Row],[1Bis]],Tabelle10[[#This Row],[2Bis]])-SUM(Tabelle10[[#This Row],[1Von]],Tabelle10[[#This Row],[2Von]])+IF(Tabelle10[[#This Row],[2Von]]>0,1)+IF(Tabelle10[[#This Row],[1Von]]>0,1) -> 75
A85: 6 | B85: 27 | C85: 1 | D85: 41 | E85: 41 | F85: 68 | G85: =SUM(Tabelle10[[#This Row],[1Bis]],Tabelle10[[#This Row],[2Bis]])-SUM(Tabelle10[[#This Row],[1Von]],Tabelle10[[#This Row],[2Von]])+IF(Tabelle10[[#This Row],[2Von]]>0,1)+IF(Tabelle10[[#This Row],[1Von]]>0,1) -> 69
A86: 6 | B86: 8 | C86: 1 | D86: 41 | E86: 41 | F86: 85 | G86: =SUM(Tabelle10[[#This Row],[1Bis]],Tabelle10[[#This Row],[2Bis]])-SUM(Tabelle10[[#This Row],[1Von]],Tabelle10[[#This Row],[2Von]])+IF(Tabelle10[[#This Row],[2Von]]>0,1)+IF(Tabelle10[[#This Row],[1Von]]>0,1) -> 86
A87: 6 | B87: 10 | C87: 1 | D87: 41 | E87: 41 | F87: 85 | G87: =SUM(Tabelle10[[#This Row],[1Bis]],Tabelle10[[#This Row],[2Bis]])-SUM(Tabelle10[[#This Row],[1Von]],Tabelle10[[#This Row],[2Von]])+IF(Tabelle10[[#This Row],[2Von]]>0,1)+IF(Tabelle10[[#This Row],[1Von]]>0,1) -> 86
A88: 6 | B88: 7 | C88: 1 | D88: 41 | E88: 41 | F88: 85 | G88: =SUM(Tabelle10[[#This Row],[1Bis]],Tabelle10[[#This Row],[2Bis]])-SUM(Tabelle10[[#This Row],[1Von]],Tabelle10[[#This Row],[2Von]])+IF(Tabelle10[[#This Row],[2Von]]>0,1)+IF(Tabelle10[[#This Row],[1Von]]>0,1) -> 86
A89: 6 | B89: 25 | E89: 69 | F89: 85 | G89: =SUM(Tabelle10[[#This Row],[1Bis]],Tabelle10[[#This Row],[2Bis]])-SUM(Tabelle10[[#This Row],[1Von]],Tabelle10[[#This Row],[2Von]])+IF(Tabelle10[[#This Row],[2Von]]>0,1)+IF(Tabelle10[[#This Row],[1Von]]>0,1) -> 17
A90: 6 | B90: 19 | E90: 71 | F90: 85 | G90: =SUM(Tabelle10[[#This Row],[1Bis]],Tabelle10[[#This Row],[2Bis]])-SUM(Tabelle10[[#This Row],[1Von]],Tabelle10[[#This Row],[2Von]])+IF(Tabelle10[[#This Row],[2Von]]>0,1)+IF(Tabelle10[[#This Row],[1Von]]>0,1) -> 15
A91: 6 | B91: 18 | E91: 75 | F91: 85 | G91: =SUM(Tabelle10[[#This Row],[1Bis]],Tabelle10[[#This Row],[2Bis]])-SUM(Tabelle10[[#This Row],[1Von]],Tabelle10[[#This Row],[2Von]])+IF(Tabelle10[[#This Row],[2Von]]>0,1)+IF(Tabelle10[[#This Row],[1Von]]>0,1) -> 11
A92: 7 | B92: 1 | C92: 1 | D92: 41 | E92: 41 | F92: 85 | G92: =SUM(Tabelle10[[#This Row],[1Bis]],Tabelle10[[#This Row],[2Bis]])-SUM(Tabelle10[[#This Row],[1Von]],Tabelle10[[#This Row],[2Von]])+IF(Tabelle10[[#This Row],[2Von]]>0,1)+IF(Tabelle10[[#This Row],[1Von]]>0,1) -> 86
A93: 7 | B93: 4 | C93: 1 | D93: 41 | E93: 41 | F93: 85 | G93: =SUM(Tabelle10[[#This Row],[1Bis]],Tabelle10[[#This Row],[2Bis]])-SUM(Tabelle10[[#This Row],[1Von]],Tabelle10[[#This Row],[2Von]])+IF(Tabelle10[[#This Row],[2Von]]>0,1)+IF(Tabelle10[[#This Row],[1Von]]>0,1) -> 86
A94: 7 | B94: 20 | C94: 1 | D94: 41 | E94: 41 | F94: 85 | G94: =SUM(Tabelle10[[#This Row],[1Bis]],Tabelle10[[#This Row],[2Bis]])-SUM(Tabelle10[[#This Row],[1Von]],Tabelle10[[#This Row],[2Von]])+IF(Tabelle10[[#This Row],[2Von]]>0,1)+IF(Tabelle10[[#This Row],[1Von]]>0,1) -> 86
A95: 7 | B95: 16 | C95: 1 | D95: 41 | E95: 41 | F95: 85 | G95: =SUM(Tabelle10[[#This Row],[1Bis]],Tabelle10[[#This Row],[2Bis]])-SUM(Tabelle10[[#This Row],[1Von]],Tabelle10[[#This Row],[2Von]])+IF(Tabelle10[[#This Row],[2Von]]>0,1)+IF(Tabelle10[[#This Row],[1Von]]>0,1) -> 86
A96: 7 | B96: 23 | C96: 1 | D96: 41 | E96: 41 | F96: 85 | G96: =SUM(Tabelle10[[#This Row],[1Bis]],Tabelle10[[#This Row],[2Bis]])-SUM(Tabelle10[[#This Row],[1Von]],Tabelle10[[#This Row],[2Von]])+IF(Tabelle10[[#This Row],[2Von]]>0,1)+IF(Tabelle10[[#This Row],[1Von]]>0,1) -> 86
A97: 7 | B97: 26 | C97: 1 | D97: 41 | E97: 41 | F97: 69 | G97: =SUM(Tabelle10[[#This Row],[1Bis]],Tabelle10[[#This Row],[2Bis]])-SUM(Tabelle10[[#This Row],[1Von]],Tabelle10[[#This Row],[2Von]])+IF(Tabelle10[[#This Row],[2Von]]>0,1)+IF(Tabelle10[[#This Row],[1Von]]>0,1) -> 70
A98: 7 | B98: 19 | C98: 1 | D98: 41 | E98: 41 | F98: 47 | G98: =SUM(Tabelle10[[#This Row],[1Bis]],Tabelle10[[#This Row],[2Bis]])-SUM(Tabelle10[[#This Row],[1Von]],Tabelle10[[#This Row],[2Von]])+IF(Tabelle10[[#This Row],[2Von]]>0,1)+IF(Tabelle10[[#This Row],[1Von]]>0,1) -> 48
A99: 7 | B99: 27 | C99: 1 | D99: 41 | E99: 41 | F99: 69 | G99: =SUM(Tabelle10[[#This Row],[1Bis]],Tabelle10[[#This Row],[2Bis]])-SUM(Tabelle10[[#This Row],[1Von]],Tabelle10[[#This Row],[2Von]])+IF(Tabelle10[[#This Row],[2Von]]>0,1)+IF(Tabelle10[[#This Row],[1Von]]>0,1) -> 70
A100: 7 | B100: 8 | C100: 1 | D100: 41 | E100: 41 | F100: 85 | G100: =SUM(Tabelle10[[#This Row],[1Bis]],Tabelle10[[#This Row],[2Bis]])-SUM(Tabelle10[[#This Row],[1Von]],Tabelle10[[#This Row],[2Von]])+IF(Tabelle10[[#This Row],[2Von]]>0,1)+IF(Tabelle10[[#This Row],[1Von]]>0,1) -> 86
...

Sheet Rote Karten
A1: SID | B1: Min | C1: HZ | D1: Team | E1: TNr
A2: 3 | B2: 53 | C2: 2 | D2: TSV
A3: 5 | B3: 26 | C3: 1 | D3: FCM
A4: 9 | B4: 41 | C4: 1 | D4: FCN | E4: 27

Sheet Abschlüsse
A1: SID | B1: TID | C1: HG | D1: GID | E1: AbNr | F1: Min | G1: HZ | H1: PR | I1: SpSt | J1: GS | K1: AP | L1: Ergeb | M1: Phase | N1: VorT | O1: VNr | P1: 2VNr | Q1: 3VNr | R1: 4VNr | S1: 5VNr | T1: 6VNr | U1: 7VNr | V1: 8VNr | W1: 9VNr | X1: 10VNr | Y1: 11VNr | Z1: 12VNr | AA1: (VFB) | AB1: KörT | AC1: TrefH | AD1: KörR | AE1: SNr | AF1: xFe | AG1: yFe | AH1: DisT | AI1: WinT | AJ1: TWA | AK1: xTW | AL1: yTW | AM1: TWD | AN1: StrA | AO1: xStr | AP1: yStr | AQ1: DSD | AR1: BloA | AS1: xBlo | AT1: yBlo | AU1: DBD
A2: 1 | B2: FCN | C2: =IF($A2="","",IF(VLOOKUP($A2,Spiele!$A$2:$D$16,3,FALSE)=$B2,"H","G")) -> H | D2: =IF($B2="","",IF(VLOOKUP($A2,Spiele!$A$2:$F$16,3,FALSE)=$B2,VLOOKUP($A2,Spiele!$A$2:$F$16,4,FALSE),VLOOKUP($A2,Spiele!$A$2:$F$16,3,FALSE))) -> GWD | E2: =IF(Abschlüsse[[#This Row],[Ergeb]]="ET",0,COUNTIFS($A$2:$A2,$A2,$B$2:$B2,$B2,$L$2:$L2,"<>ET")) -> 1 | F2: 3 | G2: 1 | H2: =COUNTIFS('Rote Karten'!$A$2:$A$4,$A2,'Rote Karten'!$D$2:$D$4,"<>"&$B2,'Rote Karten'!$B$2:$B$4,"<"&$F2,'Rote Karten'!$C$2:$C$4,"<="&$G2)-COUNTIFS('Rote Karten'!$A$2:$A$4,$A2,'Rote Karten'!$D$2:$D$4,$B2,'Rote Karten'!$B$2:$B$4,"<"&$F2,'Rote Karten'!$C$2:$C$4,"<="&$G2) -> 0 | I2: =IF(OR($L2="Tor",$L2="ET"),_xlfn.IFNA(IF(VLOOKUP($A2,Spiele!$A$2:$C$16,3,FALSE)=$B2,COUNTIFS($L$2:$L2,"Tor",$B$2:$B2,$B2,$A$2:$A2,$A2)+COUNTIFS($L$2:$L2,"ET",$B$2:$B2,$B2,$A$2:$A2,$A2)&":"&COUNTIFS($L$2:$L2,"Tor",$B$2:$B2,"<>"&$B2,$A$2:$A2,$A2)+COUNTIFS($L$2:$L2,"ET",$B$2:$B2,"<>"&$B2,$A$2:$A2,$A2),COUNTIFS($L$2:$L2,"Tor",$B$2:$B2,"<>"&$B2,$A$2:$A2,$A2)+COUNTIFS($L$2:$L2,"ET",$B$2:$B2,"<>"&$B2,$A$2:$A2,$A2)&":"&COUNTIFS($L$2:$L2,"Tor",$B$2:$B2,$B2,$A$2:$A2,$A2)+COUNTIFS($L$2:$L2,"ET",$B$2:$B2,$B2,$A$2:$A2,$A2)),""),"") | J2: =_xlfn.IFNA(IF(VLOOKUP($A2,Spiele!$A$2:$D$16,3,FALSE)=$B2,(COUNTIFS($L$1:$L1,"Tor",$B$1:$B1,$B2,$A$1:$A1,$A2)+COUNTIFS($L$1:$L1,"ET",$B$1:$B1,$B2,$A$1:$A1,$A2))-(COUNTIFS($L$1:$L1,"Tor",$B$1:$B1,"<>"&$B2,$A$1:$A1,$A2)+COUNTIFS($L$1:$L1,"ET",$B$1:$B1,"<>"&$B2,$A$1:$A1,$A2)),(COUNTIFS($L$1:$L1,"Tor",$B$1:$B1,$B2,$A$1:$A1,$A2)+COUNTIFS($L$1:$L1,"ET",$B$1:$B1,$B2,$A$1:$A1,$A2))-(COUNTIFS($L$1:$L1,"Tor",$B$1:$B1,"<>"&$B2,$A$1:$A1,$A2)+COUNTIFS($L$1:$L1,"ET",$B$1:$B1,"<>"&$B2,$A$1:$A1,$A2))),"") -> 0 | K2: 1 | L2: Block | M2: nFS | N2: AP | AA2: As | AB2: R | AC2: Son | AD2: BzT | AE2: 11 | AF2: 5 | AG2: 18.5 | AH2: =IF($L2="ET","",IF($AF2>3.66,SQRT($AG2^2+($AF2-(7.32/2))^2),IF($AF2<-3.66,SQRT($AG2^2+($AF2+(7.32/2))^2),$AG2))) -> 18.548466 | AI2: =IF($L2="ET","",IF(DEGREES(ATAN((7.32*$AG2)/($AG2^2+$AF2^2-(7.32/2)^2)))<=0,180+DEGREES(ATAN((7.32*$AG2)/($AG2^2+$AF2^2-(7.32/2)^2))),DEGREES(ATAN((7.32*$AG2)/($AG2^2+$AF2^2-(7.32/2)^2))))) -> 20.941837 | AJ2: SB | AK2: 1 | AL2: 2 | AM2: =IF(Abschlüsse[[#This Row],[Ergeb]]="ET","",SQRT(($AF2-$AK2)^2+($AG2-$AL2)^2)) -> 16.977927 | AN2: 0 | AQ2: =IF(AN2=0,"",SQRT(($AF2-$AO2)^2+($AG2-$AP2)^2)) | AR2: 3 | AS2: 4.5 | AT2: 17 | AU2: =IF(AR2=0,"",SQRT(($AF2-$AS2)^2+($AG2-$AT2)^2)) -> 1.5811388
A3: 1 | B3: FCN | C3: =IF($A3="","",IF(VLOOKUP($A3,Spiele!$A$2:$D$16,3,FALSE)=$B3,"H","G")) -> H | D3: =IF($B3="","",IF(VLOOKUP($A3,Spiele!$A$2:$F$16,3,FALSE)=$B3,VLOOKUP($A3,Spiele!$A$2:$F$16,4,FALSE),VLOOKUP($A3,Spiele!$A$2:$F$16,3,FALSE))) -> GWD | E3: =IF(Abschlüsse[[#This Row],[Ergeb]]="ET",0,COUNTIFS($A$2:$A3,$A3,$B$2:$B3,$B3,$L$2:$L3,"<>ET")) -> 2 | F3: 6 | G3: 1 | H3: =COUNTIFS('Rote Karten'!$A$2:$A$4,$A3,'Rote Karten'!$D$2:$D$4,"<>"&$B3,'Rote Karten'!$B$2:$B$4,"<"&$F3,'Rote Karten'!$C$2:$C$4,"<="&$G3)-COUNTIFS('Rote Karten'!$A$2:$A$4,$A3,'Rote Karten'!$D$2:$D$4,$B3,'Rote Karten'!$B$2:$B$4,"<"&$F3,'Rote Karten'!$C$2:$C$4,"<="&$G3) -> 0 | I3: =IF(OR($L3="Tor",$L3="ET"),_xlfn.IFNA(IF(VLOOKUP($A3,Spiele!$A$2:$C$16,3,FALSE)=$B3,COUNTIFS($L$2:$L3,"Tor",$B$2:$B3,$B3,$A$2:$A3,$A3)+COUNTIFS($L$2:$L3,"ET",$B$2:$B3,$B3,$A$2:$A3,$A3)&":"&COUNTIFS($L$2:$L3,"Tor",$B$2:$B3,"<>"&$B3,$A$2:$A3,$A3)+COUNTIFS($L$2:$L3,"ET",$B$2:$B3,"<>"&$B3,$A$2:$A3,$A3),COUNTIFS($L$2:$L3,"Tor",$B$2:$B3,"<>"&$B3,$A$2:$A3,$A3)+COUNTIFS($L$2:$L3,"ET",$B$2:$B3,"<>"&$B3,$A$2:$A3,$A3)&":"&COUNTIFS($L$2:$L3,"Tor",$B$2:$B3,$B3,$A$2:$A3,$A3)+COUNTIFS($L$2:$L3,"ET",$B$2:$B3,$B3,$A$2:$A3,$A3)),""),"") -> 1:0 | J3: =_xlfn.IFNA(IF(VLOOKUP($A3,Spiele!$A$2:$D$16,3,FALSE)=$B3,(COUNTIFS($L$1:$L2,"Tor",$B$1:$B2,$B3,$A$1:$A2,$A3)+COUNTIFS($L$1:$L2,"ET",$B$1:$B2,$B3,$A$1:$A2,$A3))-(COUNTIFS($L$1:$L2,"Tor",$B$1:$B2,"<>"&$B3,$A$1:$A2,$A3)+COUNTIFS($L$1:$L2,"ET",$B$1:$B2,"<>"&$B3,$A$1:$A2,$A3)),(COUNTIFS($L$1:$L2,"Tor",$B$1:$B2,$B3,$A$1:$A2,$A3)+COUNTIFS($L$1:$L2,"ET",$B$1:$B2,$B3,$A$1:$A2,$A3))-(COUNTIFS($L$1:$L2,"Tor",$B$1:$B2,"<>"&$B3,$A$1:$A2,$A3)+COUNTIFS($L$1:$L2,"ET",$B$1:$B2,"<>"&$B3,$A$1:$A2,$A3))),"") -> 0 | K3: 2 | L3: Tor | M3: EB | N3: TB | O3: 20 | P3: 26 | Q3: 23 | R3: 20 | AA3: vB | AB3: L | AC3: Fuß | AD3: BzT | AE3: 9 | AF3: -6.5 | AG3: 8.5 | AH3: =IF($L3="ET","",IF($AF3>3.66,SQRT($AG3^2+($AF3-(7.32/2))^2),IF($AF3<-3.66,SQRT($AG3^2+($AF3+(7.32/2))^2),$AG3))) -> 8.9618971 | AI3: =IF($L3="ET","",IF(DEGREES(ATAN((7.32*$AG3)/($AG3^2+$AF3^2-(7.32/2)^2)))<=0,180+DEGREES(ATAN((7.32*$AG3)/($AG3^2+$AF3^2-(7.32/2)^2))),DEGREES(ATAN((7.32*$AG3)/($AG3^2+$AF3^2-(7.32/2)^2))))) -> 31.608286 | AJ3: SB | AK3: -3.5 | AL3: 4.5 | AM3: =IF(Abschlüsse[[#This Row],[Ergeb]]="ET","",SQRT(($AF3-$AK3)^2+($AG3-$AL3)^2)) -> 5 | AN3: 2 | AO3: -6 | AP3: 8.5 | AQ3: =IF(AN3=0,"",SQRT(($AF3-$AO3)^2+($AG3-$AP3)^2)) -> 0.5 | AR3: 0 | AU3: =IF(AR3=0,"",SQRT(($AF3-$AS3)^2+($AG3-$AT3)^2))
A4: 1 | B4: FCN | C4: =IF($A4="","",IF(VLOOKUP($A4,Spiele!$A$2:$D$16,3,FALSE)=$B4,"H","G")) -> H | D4: =IF($B4="","",IF(VLOOKUP($A4,Spiele!$A$2:$F$16,3,FALSE)=$B4,VLOOKUP($A4,Spiele!$A$2:$F$16,4,FALSE),VLOOKUP($A4,Spiele!$A$2:$F$16,3,FALSE))) -> GWD | E4: =IF(Abschlüsse[[#This Row],[Ergeb]]="ET",0,COUNTIFS($A$2:$A4,$A4,$B$2:$B4,$B4,$L$2:$L4,"<>ET")) -> 3 | F4: 8 | G4: 1 | H4: =COUNTIFS('Rote Karten'!$A$2:$A$4,$A4,'Rote Karten'!$D$2:$D$4,"<>"&$B4,'Rote Karten'!$B$2:$B$4,"<"&$F4,'Rote Karten'!$C$2:$C$4,"<="&$G4)-COUNTIFS('Rote Karten'!$A$2:$A$4,$A4,'Rote Karten'!$D$2:$D$4,$B4,'Rote Karten'!$B$2:$B$4,"<"&$F4,'Rote Karten'!$C$2:$C$4,"<="&$G4) -> 0 | I4: =IF(OR($L4="Tor",$L4="ET"),_xlfn.IFNA(IF(VLOOKUP($A4,Spiele!$A$2:$C$16,3,FALSE)=$B4,COUNTIFS($L$2:$L4,"Tor",$B$2:$B4,$B4,$A$2:$A4,$A4)+COUNTIFS($L$2:$L4,"ET",$B$2:$B4,$B4,$A$2:$A4,$A4)&":"&COUNTIFS($L$2:$L4,"Tor",$B$2:$B4,"<>"&$B4,$A$2:$A4,$A4)+COUNTIFS($L$2:$L4,"ET",$B$2:$B4,"<>"&$B4,$A$2:$A4,$A4),COUNTIFS($L$2:$L4,"Tor",$B$2:$B4,"<>"&$B4,$A$2:$A4,$A4)+COUNTIFS($L$2:$L4,"ET",$B$2:$B4,"<>"&$B4,$A$2:$A4,$A4)&":"&COUNTIFS($L$2:$L4,"Tor",$B$2:$B4,$B4,$A$2:$A4,$A4)+COUNTIFS($L$2:$L4,"ET",$B$2:$B4,$B4,$A$2:$A4,$A4)),""),"") | J4: =_xlfn.IFNA(IF(VLOOKUP($A4,Spiele!$A$2:$D$16,3,FALSE)=$B4,(COUNTIFS($L$1:$L3,"Tor",$B$1:$B3,$B4,$A$1:$A3,$A4)+COUNTIFS($L$1:$L3,"ET",$B$1:$B3,$B4,$A$1:$A3,$A4))-(COUNTIFS($L$1:$L3,"Tor",$B$1:$B3,"<>"&$B4,$A$1:$A3,$A4)+COUNTIFS($L$1:$L3,"ET",$B$1:$B3,"<>"&$B4,$A$1:$A3,$A4)),(COUNTIFS($L$1:$L3,"Tor",$B$1:$B3,$B4,$A$1:$A3,$A4)+COUNTIFS($L$1:$L3,"ET",$B$1:$B3,$B4,$A$1:$A3,$A4))-(COUNTIFS($L$1:$L3,"Tor",$B$1:$B3,"<>"&$B4,$A$1:$A3,$A4)+COUNTIFS($L$1:$L3,"ET",$B$1:$B3,"<>"&$B4,$A$1:$A3,$A4))),"") -> 1 | K4: 3 | L4: Block | M4: EB | N4: RP | O4: 20 | P4: 26 | Q4: 6 | R4: 23 | S4: 8 | AA4: nd | AB4: R | AC4: Fuß | AD4: adD | AE4: 27 | AF4: -17 | AG4: 18.5 | AH4: =IF($L4="ET","",IF($AF4>3.66,SQRT($AG4^2+($AF4-(7.32/2))^2),IF($AF4<-3.66,SQRT($AG4^2+($AF4+(7.32/2))^2),$AG4))) -> 22.808016 | AI4: =IF($L4="ET","",IF(DEGREES(ATAN((7.32*$AG4)/($AG4^2+$AF4^2-(7.32/2)^2)))<=0,180+DEGREES(ATAN((7.32*$AG4)/($AG4^2+$AF4^2-(7.32/2)^2))),DEGREES(ATAN((7.32*$AG4)/($AG4^2+$AF4^2-(7.32/2)^2))))) -> 12.36248 | AJ4: SB | AK4: -1.5 | AL4: 2.5 | AM4: =IF(Abschlüsse[[#This Row],[Ergeb]]="ET","",SQRT(($AF4-$AK4)^2+($AG4-$AL4)^2)) -> 22.276669 | AN4: 1 | AO4: -18 | AP4: 20 | AQ4: =IF(AN4=0,"",SQRT(($AF4-$AO4)^2+($AG4-$AP4)^2)) -> 1.8027756 | AR4: 3 | AS4: -15 | AT4: 16.5 | AU4: =IF(AR4=0,"",SQRT(($AF4-$AS4)^2+($AG4-$AT4)^2)) -> 2.8284271
A5: 1 | B5: GWD | C5: =IF($A5="","",IF(VLOOKUP($A5,Spiele!$A$2:$D$16,3,FALSE)=$B5,"H","G")) -> G | D5: =IF($B5="","",IF(VLOOKUP($A5,Spiele!$A$2:$F$16,3,FALSE)=$B5,VLOOKUP($A5,Spiele!$A$2:$F$16,4,FALSE),VLOOKUP($A5,Spiele!$A$2:$F$16,3,FALSE))) -> FCN | E5: =IF(Abschlüsse[[#This Row],[Ergeb]]="ET",0,COUNTIFS($A$2:$A5,$A5,$B$2:$B5,$B5,$L$2:$L5,"<>ET")) -> 1 | F5: 11 | G5: 1 | H5: =COUNTIFS('Rote Karten'!$A$2:$A$4,$A5,'Rote Karten'!$D$2:$D$4,"<>"&$B5,'Rote Karten'!$B$2:$B$4,"<"&$F5,'Rote Karten'!$C$2:$C$4,"<="&$G5)-COUNTIFS('Rote Karten'!$A$2:$A$4,$A5,'Rote Karten'!$D$2:$D$4,$B5,'Rote Karten'!$B$2:$B$4,"<"&$F5,'Rote Karten'!$C$2:$C$4,"<="&$G5) -> 0 | I5: =IF(OR($L5="Tor",$L5="ET"),_xlfn.IFNA(IF(VLOOKUP($A5,Spiele!$A$2:$C$16,3,FALSE)=$B5,COUNTIFS($L$2:$L5,"Tor",$B$2:$B5,$B5,$A$2:$A5,$A5)+COUNTIFS($L$2:$L5,"ET",$B$2:$B5,$B5,$A$2:$A5,$A5)&":"&COUNTIFS($L$2:$L5,"Tor",$B$2:$B5,"<>"&$B5,$A$2:$A5,$A5)+COUNTIFS($L$2:$L5,"ET",$B$2:$B5,"<>"&$B5,$A$2:$A5,$A5),COUNTIFS($L$2:$L5,"Tor",$B$2:$B5,"<>"&$B5,$A$2:$A5,$A5)+COUNTIFS($L$2:$L5,"ET",$B$2:$B5,"<>"&$B5,$A$2:$A5,$A5)&":"&COUNTIFS($L$2:$L5,"Tor",$B$2:$B5,$B5,$A$2:$A5,$A5)+COUNTIFS($L$2:$L5,"ET",$B$2:$B5,$B5,$A$2:$A5,$A5)),""),"") | J5: =_xlfn.IFNA(IF(VLOOKUP($A5,Spiele!$A$2:$D$16,3,FALSE)=$B5,(COUNTIFS($L$1:$L4,"Tor",$B$1:$B4,$B5,$A$1:$A4,$A5)+COUNTIFS($L$1:$L4,"ET",$B$1:$B4,$B5,$A$1:$A4,$A5))-(COUNTIFS($L$1:$L4,"Tor",$B$1:$B4,"<>"&$B5,$A$1:$A4,$A5)+COUNTIFS($L$1:$L4,"ET",$B$1:$B4,"<>"&$B5,$A$1:$A4,$A5)),(COUNTIFS($L$1:$L4,"Tor",$B$1:$B4,$B5,$A$1:$A4,$A5)+COUNTIFS($L$1:$L4,"ET",$B$1:$B4,$B5,$A$1:$A4,$A5))-(COUNTIFS($L$1:$L4,"Tor",$B$1:$B4,"<>"&$B5,$A$1:$A4,$A5)+COUNTIFS($L$1:$L4,"ET",$B$1:$B4,"<>"&$B5,$A$1:$A4,$A5))),"") -> -1 | K5: 4 | L5: Vorbei | M5: nFS | N5: AP | AA5: nd | AB5: R | AC5: Son | AD5: BzT | AF5: 2 | AG5: 26 | AH5: =IF($L5="ET","",IF($AF5>3.66,SQRT($AG5^2+($AF5-(7.32/2))^2),IF($AF5<-3.66,SQRT($AG5^2+($AF5+(7.32/2))^2),$AG5))) -> 26 | AI5: =IF($L5="ET","",IF(DEGREES(ATAN((7.32*$AG5)/($AG5^2+$AF5^2-(7.32/2)^2)))<=0,180+DEGREES(ATAN((7.32*$AG5)/($AG5^2+$AF5^2-(7.32/2)^2))),DEGREES(ATAN((7.32*$AG5)/($AG5^2+$AF5^2-(7.32/2)^2))))) -> 15.934397 | AJ5: SB | AK5: 2 | AL5: 5 | AM5: =IF(Abschlüsse[[#This Row],[Ergeb]]="ET","",SQRT(($AF5-$AK5)^2+($AG5-$AL5)^2)) -> 21 | AN5: 0 | AQ5: =IF(AN5=0,"",SQRT(($AF5-$AO5)^2+($AG5-$AP5)^2)) | AR5: 2 | AS5: 1.5 | AT5: 16 | AU5: =IF(AR5=0,"",SQRT(($AF5-$AS5)^2+($AG5-$AT5)^2)) -> 10.012492
A6: 1 | B6: FCN | C6: =IF($A6="","",IF(VLOOKUP($A6,Spiele!$A$2:$D$16,3,FALSE)=$B6,"H","G")) -> H | D6: =IF($B6="","",IF(VLOOKUP($A6,Spiele!$A$2:$F$16,3,FALSE)=$B6,VLOOKUP($A6,Spiele!$A$2:$F$16,4,FALSE),VLOOKUP($A6,Spiele!$A$2:$F$16,3,FALSE))) -> GWD | E6: =IF(Abschlüsse[[#This Row],[Ergeb]]="ET",0,COUNTIFS($A$2:$A6,$A6,$B$2:$B6,$B6,$L$2:$L6,"<>ET")) -> 4 | F6: 14 | G6: 1 | H6: =COUNTIFS('Rote Karten'!$A$2:$A$4,$A6,'Rote Karten'!$D$2:$D$4,"<>"&$B6,'Rote Karten'!$B$2:$B$4,"<"&$F6,'Rote Karten'!$C$2:$C$4,"<="&$G6)-COUNTIFS('Rote Karten'!$A$2:$A$4,$A6,'Rote Karten'!$D$2:$D$4,$B6,'Rote Karten'!$B$2:$B$4,"<"&$F6,'Rote Karten'!$C$2:$C$4,"<="&$G6) -> 0 | I6: =IF(OR($L6="Tor",$L6="ET"),_xlfn.IFNA(IF(VLOOKUP($A6,Spiele!$A$2:$C$16,3,FALSE)=$B6,COUNTIFS($L$2:$L6,"Tor",$B$2:$B6,$B6,$A$2:$A6,$A6)+COUNTIFS($L$2:$L6,"ET",$B$2:$B6,$B6,$A$2:$A6,$A6)&":"&COUNTIFS($L$2:$L6,"Tor",$B$2:$B6,"<>"&$B6,$A$2:$A6,$A6)+COUNTIFS($L$2:$L6,"ET",$B$2:$B6,"<>"&$B6,$A$2:$A6,$A6),COUNTIFS($L$2:$L6,"Tor",$B$2:$B6,"<>"&$B6,$A$2:$A6,$A6)+COUNTIFS($L$2:$L6,"ET",$B$2:$B6,"<>"&$B6,$A$2:$A6,$A6)&":"&COUNTIFS($L$2:$L6,"Tor",$B$2:$B6,$B6,$A$2:$A6,$A6)+COUNTIFS($L$2:$L6,"ET",$B$2:$B6,$B6,$A$2:$A6,$A6)),""),"") | J6: =_xlfn.IFNA(IF(VLOOKUP($A6,Spiele!$A$2:$D$16,3,FALSE)=$B6,(COUNTIFS($L$1:$L5,"Tor",$B$1:$B5,$B6,$A$1:$A5,$A6)+COUNTIFS($L$1:$L5,"ET",$B$1:$B5,$B6,$A$1:$A5,$A6))-(COUNTIFS($L$1:$L5,"Tor",$B$1:$B5,"<>"&$B6,$A$1:$A5,$A6)+COUNTIFS($L$1:$L5,"ET",$B$1:$B5,"<>"&$B6,$A$1:$A5,$A6)),(COUNTIFS($L$1:$L5,"Tor",$B$1:$B5,$B6,$A$1:$A5,$A6)+COUNTIFS($L$1:$L5,"ET",$B$1:$B5,$B6,$A$1:$A5,$A6))-(COUNTIFS($L$1:$L5,"Tor",$B$1:$B5,"<>"&$B6,$A$1:$A5,$A6)+COUNTIFS($L$1:$L5,"ET",$B$1:$B5,"<>"&$B6,$A$1:$A5,$A6))),"") -> 1 | K6: 5 | L6: Save | M6: EB | N6: SP | O6: 8 | P6: 20 | Q6: 1 | R6: 26 | S6: 23 | T6: 6 | U6: 8 | AA6: nd | AB6: R | AC6: Fuß | AD6: BzT | AE6: 9 | AF6: -1 | AG6: 15 | AH6: =IF($L6="ET","",IF($AF6>3.66,SQRT($AG6^2+($AF6-(7.32/2))^2),IF($AF6<-3.66,SQRT($AG6^2+($AF6+(7.32/2))^2),$AG6))) -> 15 | AI6: =IF($L6="ET","",IF(DEGREES(ATAN((7.32*$AG6)/($AG6^2+$AF6^2-(7.32/2)^2)))<=0,180+DEGREES(ATAN((7.32*$AG6)/($AG6^2+$AF6^2-(7.32/2)^2))),DEGREES(ATAN((7.32*$AG6)/($AG6^2+$AF6^2-(7.32/2)^2))))) -> 27.314189 | AJ6: SB | AK6: -0.5 | AL6: 7 | AM6: =IF(Abschlüsse[[#This Row],[Ergeb]]="ET","",SQRT(($AF6-$AK6)^2+($AG6-$AL6)^2)) -> 8.0156098 | AN6: 1 | AO6: -4 | AP6: 14.5 | AQ6: =IF(AN6=0,"",SQRT(($AF6-$AO6)^2+($AG6-$AP6)^2)) -> 3.0413813 | AR6: 0 | AU6: =IF(AR6=0,"",SQRT(($AF6-$AS6)^2+($AG6-$AT6)^2))
A7: 1 | B7: FCN | C7: =IF($A7="","",IF(VLOOKUP($A7,Spiele!$A$2:$D$16,3,FALSE)=$B7,"H","G")) -> H | D7: =IF($B7="","",IF(VLOOKUP($A7,Spiele!$A$2:$F$16,3,FALSE)=$B7,VLOOKUP($A7,Spiele!$A$2:$F$16,4,FALSE),VLOOKUP($A7,Spiele!$A$2:$F$16,3,FALSE))) -> GWD | E7: =IF(Abschlüsse[[#This Row],[Ergeb]]="ET",0,COUNTIFS($A$2:$A7,$A7,$B$2:$B7,$B7,$L$2:$L7,"<>ET")) -> 5 | F7: 16 | G7: 1 | H7: =COUNTIFS('Rote Karten'!$A$2:$A$4,$A7,'Rote Karten'!$D$2:$D$4,"<>"&$B7,'Rote Karten'!$B$2:$B$4,"<"&$F7,'Rote Karten'!$C$2:$C$4,"<="&$G7)-COUNTIFS('Rote Karten'!$A$2:$A$4,$A7,'Rote Karten'!$D$2:$D$4,$B7,'Rote Karten'!$B$2:$B$4,"<"&$F7,'Rote Karten'!$C$2:$C$4,"<="&$G7) -> 0 | I7: =IF(OR($L7="Tor",$L7="ET"),_xlfn.IFNA(IF(VLOOKUP($A7,Spiele!$A$2:$C$16,3,FALSE)=$B7,COUNTIFS($L$2:$L7,"Tor",$B$2:$B7,$B7,$A$2:$A7,$A7)+COUNTIFS($L$2:$L7,"ET",$B$2:$B7,$B7,$A$2:$A7,$A7)&":"&COUNTIFS($L$2:$L7,"Tor",$B$2:$B7,"<>"&$B7,$A$2:$A7,$A7)+COUNTIFS($L$2:$L7,"ET",$B$2:$B7,"<>"&$B7,$A$2:$A7,$A7),COUNTIFS($L$2:$L7,"Tor",$B$2:$B7,"<>"&$B7,$A$2:$A7,$A7)+COUNTIFS($L$2:$L7,"ET",$B$2:$B7,"<>"&$B7,$A$2:$A7,$A7)&":"&COUNTIFS($L$2:$L7,"Tor",$B$2:$B7,$B7,$A$2:$A7,$A7)+COUNTIFS($L$2:$L7,"ET",$B$2:$B7,$B7,$A$2:$A7,$A7)),""),"") -> 2:0 | J7: =_xlfn.IFNA(IF(VLOOKUP($A7,Spiele!$A$2:$D$16,3,FALSE)=$B7,(COUNTIFS($L$1:$L6,"Tor",$B$1:$B6,$B7,$A$1:$A6,$A7)+COUNTIFS($L$1:$L6,"ET",$B$1:$B6,$B7,$A$1:$A6,$A7))-(COUNTIFS($L$1:$L6,"Tor",$B$1:$B6,"<>"&$B7,$A$1:$A6,$A7)+COUNTIFS($L$1:$L6,"ET",$B$1:$B6,"<>"&$B7,$A$1:$A6,$A7)),(COUNTIFS($L$1:$L6,"Tor",$B$1:$B6,$B7,$A$1:$A6,$A7)+COUNTIFS($L$1:$L6,"ET",$B$1:$B6,$B7,$A$1:$A6,$A7))-(COUNTIFS($L$1:$L6,"Tor",$B$1:$B6,"<>"&$B7,$A$1:$A6,$A7)+COUNTIFS($L$1:$L6,"ET",$B$1:$B6,"<>"&$B7,$A$1:$A6,$A7))),"") -> 1 | K7: 6 | L7: Tor | M7: EB | N7: F | O7: 8 | P7: 26 | Q7: 23 | R7: 6 | S7: 20 | T7: 13 | AA7: adL | AB7: R | AC7: Son | AD7: BzT | AE7: 7 | AF7: 0.5 | AG7: 6.5 | AH7: =IF($L7="ET","",IF($AF7>3.66,SQRT($AG7^2+($AF7-(7.32/2))^2),IF($AF7<-3.66,SQRT($AG7^2+($AF7+(7.32/2))^2),$AG7))) -> 6.5 | AI7: =IF($L7="ET","",IF(DEGREES(ATAN((7.32*$AG7)/($AG7^2+$AF7^2-(7.32/2)^2)))<=0,180+DEGREES(ATAN((7.32*$AG7)/($AG7^2+$AF7^2-(7.32/2)^2))),DEGREES(ATAN((7.32*$AG7)/($AG7^2+$AF7^2-(7.32/2)^2))))) -> 58.546125 | AJ7: SB | AK7: 0 | AL7: 2 | AM7: =IF(Abschlüsse[[#This Row],[Ergeb]]="ET","",SQRT(($AF7-$AK7)^2+($AG7-$AL7)^2)) -> 4.5276926 | AN7: 0 | AQ7: =IF(AN7=0,"",SQRT(($AF7-$AO7)^2+($AG7-$AP7)^2)) | AR7: 0 | AU7: =IF(AR7=0,"",SQRT(($AF7-$AS7)^2+($AG7-$AT7)^2))
A8: 1 | B8: GWD | C8: =IF($A8="","",IF(VLOOKUP($A8,Spiele!$A$2:$D$16,3,FALSE)=$B8,"H","G")) -> G | D8: =IF($B8="","",IF(VLOOKUP($A8,Spiele!$A$2:$F$16,3,FALSE)=$B8,VLOOKUP($A8,Spiele!$A$2:$F$16,4,FALSE),VLOOKUP($A8,Spiele!$A$2:$F$16,3,FALSE))) -> FCN | E8: =IF(Abschlüsse[[#This Row],[Ergeb]]="ET",0,COUNTIFS($A$2:$A8,$A8,$B$2:$B8,$B8,$L$2:$L8,"<>ET")) -> 2 | F8: 18 | G8: 1 | H8: =COUNTIFS('Rote Karten'!$A$2:$A$4,$A8,'Rote Karten'!$D$2:$D$4,"<>"&$B8,'Rote Karten'!$B$2:$B$4,"<"&$F8,'Rote Karten'!$C$2:$C$4,"<="&$G8)-COUNTIFS('Rote Karten'!$A$2:$A$4,$A8,'Rote Karten'!$D$2:$D$4,$B8,'Rote Karten'!$B$2:$B$4,"<"&$F8,'Rote Karten'!$C$2:$C$4,"<="&$G8) -> 0 | I8: =IF(OR($L8="Tor",$L8="ET"),_xlfn.IFNA(IF(VLOOKUP($A8,Spiele!$A$2:$C$16,3,FALSE)=$B8,COUNTIFS($L$2:$L8,"Tor",$B$2:$B8,$B8,$A$2:$A8,$A8)+COUNTIFS($L$2:$L8,"ET",$B$2:$B8,$B8,$A$2:$A8,$A8)&":"&COUNTIFS($L$2:$L8,"Tor",$B$2:$B8,"<>"&$B8,$A$2:$A8,$A8)+COUNTIFS($L$2:$L8,"ET",$B$2:$B8,"<>"&$B8,$A$2:$A8,$A8),COUNTIFS($L$2:$L8,"Tor",$B$2:$B8,"<>"&$B8,$A$2:$A8,$A8)+COUNTIFS($L$2:$L8,"ET",$B$2:$B8,"<>"&$B8,$A$2:$A8,$A8)&":"&COUNTIFS($L$2:$L8,"Tor",$B$2:$B8,$B8,$A$2:$A8,$A8)+COUNTIFS($L$2:$L8,"ET",$B$2:$B8,$B8,$A$2:$A8,$A8)),""),"") | J8: =_xlfn.IFNA(IF(VLOOKUP($A8,Spiele!$A$2:$D$16,3,FALSE)=$B8,(COUNTIFS($L$1:$L7,"Tor",$B$1:$B7,$B8,$A$1:$A7,$A8)+COUNTIFS($L$1:$L7,"ET",$B$1:$B7,$B8,$A$1:$A7,$A8))-(COUNTIFS($L$1:$L7,"Tor",$B$1:$B7,"<>"&$B8,$A$1:$A7,$A8)+COUNTIFS($L$1:$L7,"ET",$B$1:$B7,"<>"&$B8,$A$1:$A7,$A8)),(COUNTIFS($L$1:$L7,"Tor",$B$1:$B7,$B8,$A$1:$A7,$A8)+COUNTIFS($L$1:$L7,"ET",$B$1:$B7,$B8,$A$1:$A7,$A8))-(COUNTIFS($L$1:$L7,"Tor",$B$1:$B7,"<>"&$B8,$A$1:$A7,$A8)+COUNTIFS($L$1:$L7,"ET",$B$1:$B7,"<>"&$B8,$A$1:$A7,$A8))),"") -> -2 | K8: 7 | L8: Vorbei | M8: nFS | N8: ZK | AA8: nd | AB8: L | AC8: Fuß | AD8: BzT | AF8: -14.5 | AG8: 23.5 | AH8: =IF($L8="ET","",IF($AF8>3.66,SQRT($AG8^2+($AF8-(7.32/2))^2),IF($AF8<-3.66,SQRT($AG8^2+($AF8+(7.32/2))^2),$AG8))) -> 25.879637 | AI8: =IF($L8="ET","",IF(DEGREES(ATAN((7.32*$AG8)/($AG8^2+$AF8^2-(7.32/2)^2)))<=0,180+DEGREES(ATAN((7.32*$AG8)/($AG8^2+$AF8^2-(7.32/2)^2))),DEGREES(ATAN((7.32*$AG8)/($AG8^2+$AF8^2-(7.32/2)^2))))) -> 12.932858 | AJ8: SB | AK8: -1.5 | AL8: 1.5 | AM8: =IF(Abschlüsse[[#This Row],[Ergeb]]="ET","",SQRT(($AF8-$AK8)^2+($AG8-$AL8)^2)) -> 25.553865 | AN8: 0 | AQ8: =IF(AN8=0,"",SQRT(($AF8-$AO8)^2+($AG8-$AP8)^2)) | AR8: 1 | AS8: -10 | AT8: 17.5 | AU8: =IF(AR8=0,"",SQRT(($AF8-$AS8)^2+($AG8-$AT8)^2)) -> 7.5
A9: 1 | B9: GWD | C9: =IF($A9="","",IF(VLOOKUP($A9,Spiele!$A$2:$D$16,3,FALSE)=$B9,"H","G")) -> G | D9: =IF($B9="","",IF(VLOOKUP($A9,Spiele!$A$2:$F$16,3,FALSE)=$B9,VLOOKUP($A9,Spiele!$A$2:$F$16,4,FALSE),VLOOKUP($A9,Spiele!$A$2:$F$16,3,FALSE))) -> FCN | E9: =IF(Abschlüsse[[#This Row],[Ergeb]]="ET",0,COUNTIFS($A$2:$A9,$A9,$B$2:$B9,$B9,$L$2:$L9,"<>ET")) -> 3 | F9: 20 | G9: 1 | H9: =COUNTIFS('Rote Karten'!$A$2:$A$4,$A9,'Rote Karten'!$D$2:$D$4,"<>"&$B9,'Rote Karten'!$B$2:$B$4,"<"&$F9,'Rote Karten'!$C$2:$C$4,"<="&$G9)-COUNTIFS('Rote Karten'!$A$2:$A$4,$A9,'Rote Karten'!$D$2:$D$4,$B9,'Rote Karten'!$B$2:$B$4,"<"&$F9,'Rote Karten'!$C$2:$C$4,"<="&$G9) -> 0 | I9: =IF(OR($L9="Tor",$L9="ET"),_xlfn.IFNA(IF(VLOOKUP($A9,Spiele!$A$2:$C$16,3,FALSE)=$B9,COUNTIFS($L$2:$L9,"Tor",$B$2:$B9,$B9,$A$2:$A9,$A9)+COUNTIFS($L$2:$L9,"ET",$B$2:$B9,$B9,$A$2:$A9,$A9)&":"&COUNTIFS($L$2:$L9,"Tor",$B$2:$B9,"<>"&$B9,$A$2:$A9,$A9)+COUNTIFS($L$2:$L9,"ET",$B$2:$B9,"<>"&$B9,$A$2:$A9,$A9),COUNTIFS($L$2:$L9,"Tor",$B$2:$B9,"<>"&$B9,$A$2:$A9,$A9)+COUNTIFS($L$2:$L9,"ET",$B$2:$B9,"<>"&$B9,$A$2:$A9,$A9)&":"&COUNTIFS($L$2:$L9,"Tor",$B$2:$B9,$B9,$A$2:$A9,$A9)+COUNTIFS($L$2:$L9,"ET",$B$2:$B9,$B9,$A$2:$A9,$A9)),""),"") | J9: =_xlfn.IFNA(IF(VLOOKUP($A9,Spiele!$A$2:$D$16,3,FALSE)=$B9,(COUNTIFS($L$1:$L8,"Tor",$B$1:$B8,$B9,$A$1:$A8,$A9)+COUNTIFS($L$1:$L8,"ET",$B$1:$B8,$B9,$A$1:$A8,$A9))-(COUNTIFS($L$1:$L8,"Tor",$B$1:$B8,"<>"&$B9,$A$1:$A8,$A9)+COUNTIFS($L$1:$L8,"ET",$B$1:$B8,"<>"&$B9,$A$1:$A8,$A9)),(COUNTIFS($L$1:$L8,"Tor",$B$1:$B8,$B9,$A$1:$A8,$A9)+COUNTIFS($L$1:$L8,"ET",$B$1:$B8,$B9,$A$1:$A8,$A9))-(COUNTIFS($L$1:$L8,"Tor",$B$1:$B8,"<>"&$B9,$A$1:$A8,$A9)+COUNTIFS($L$1:$L8,"ET",$B$1:$B8,"<>"&$B9,$A$1:$A8,$A9))),"") -> -2 | K9: 8 | L9: Vorbei | M9: nEW | N9: RP | AA9: nd | AB9: R | AC9: Fuß | AD9: BzT | AF9: 7.5 | AG9: 26 | AH9: =IF($L9="ET","",IF($AF9>3.66,SQRT($AG9^2+($AF9-(7.32/2))^2),IF($AF9<-3.66,SQRT($AG9^2+($AF9+(7.32/2))^2),$AG9))) -> 26.282039 | AI9: =IF($L9="ET","",IF(DEGREES(ATAN((7.32*$AG9)/($AG9^2+$AF9^2-(7.32/2)^2)))<=0,180+DEGREES(ATAN((7.32*$AG9)/($AG9^2+$AF9^2-(7.32/2)^2))),DEGREES(ATAN((7.32*$AG9)/($AG9^2+$AF9^2-(7.32/2)^2))))) -> 14.829088 | AJ9: SB | AK9: 1.5 | AL9: 1.5 | AM9: =IF(Abschlüsse[[#This Row],[Ergeb]]="ET","",SQRT(($AF9-$AK9)^2+($AG9-$AL9)^2)) -> 25.223997 | AN9: 0 | AQ9: =IF(AN9=0,"",SQRT(($AF9-$AO9)^2+($AG9-$AP9)^2)) | AR9: 1 | AS9: 4.5 | AT9: 18 | AU9: =IF(AR9=0,"",SQRT(($AF9-$AS9)^2+($AG9-$AT9)^2)) -> 8.5440037
A10: 1 | B10: FCN | C10: =IF($A10="","",IF(VLOOKUP($A10,Spiele!$A$2:$D$16,3,FALSE)=$B10,"H","G")) -> H | D10: =IF($B10="","",IF(VLOOKUP($A10,Spiele!$A$2:$F$16,3,FALSE)=$B10,VLOOKUP($A10,Spiele!$A$2:$F$16,4,FALSE),VLOOKUP($A10,Spiele!$A$2:$F$16,3,FALSE))) -> GWD | E10: =IF(Abschlüsse[[#This Row],[Ergeb]]="ET",0,COUNTIFS($A$2:$A10,$A10,$B$2:$B10,$B10,$L$2:$L10,"<>ET")) -> 6 | F10: 21 | G10: 1 | H10: =COUNTIFS('Rote Karten'!$A$2:$A$4,$A10,'Rote Karten'!$D$2:$D$4,"<>"&$B10,'Rote Karten'!$B$2:$B$4,"<"&$F10,'Rote Karten'!$C$2:$C$4,"<="&$G10)-COUNTIFS('Rote Karten'!$A$2:$A$4,$A10,'Rote Karten'!$D$2:$D$4,$B10,'Rote Karten'!$B$2:$B$4,"<"&$F10,'Rote Karten'!$C$2:$C$4,"<="&$G10) -> 0 | I10: =IF(OR($L10="Tor",$L10="ET"),_xlfn.IFNA(IF(VLOOKUP($A10,Spiele!$A$2:$C$16,3,FALSE)=$B10,COUNTIFS($L$2:$L10,"Tor",$B$2:$B10,$B10,$A$2:$A10,$A10)+COUNTIFS($L$2:$L10,"ET",$B$2:$B10,$B10,$A$2:$A10,$A10)&":"&COUNTIFS($L$2:$L10,"Tor",$B$2:$B10,"<>"&$B10,$A$2:$A10,$A10)+COUNTIFS($L$2:$L10,"ET",$B$2:$B10,"<>"&$B10,$A$2:$A10,$A10),COUNTIFS($L$2:$L10,"Tor",$B$2:$B10,"<>"&$B10,$A$2:$A10,$A10)+COUNTIFS($L$2:$L10,"ET",$B$2:$B10,"<>"&$B10,$A$2:$A10,$A10)&":"&COUNTIFS($L$2:$L10,"Tor",$B$2:$B10,$B10,$A$2:$A10,$A10)+COUNTIFS($L$2:$L10,"ET",$B$2:$B10,$B10,$A$2:$A10,$A10)),""),"") | J10: =_xlfn.IFNA(IF(VLOOKUP($A10,Spiele!$A$2:$D$16,3,FALSE)=$B10,(COUNTIFS($L$1:$L9,"Tor",$B$1:$B9,$B10,$A$1:$A9,$A10)+COUNTIFS($L$1:$L9,"ET",$B$1:$B9,$B10,$A$1:$A9,$A10))-(COUNTIFS($L$1:$L9,"Tor",$B$1:$B9,"<>"&$B10,$A$1:$A9,$A10)+COUNTIFS($L$1:$L9,"ET",$B$1:$B9,"<>"&$B10,$A$1:$A9,$A10)),(COUNTIFS($L$1:$L9,"Tor",$B$1:$B9,$B10,$A$1:$A9,$A10)+COUNTIFS($L$1:$L9,"ET",$B$1:$B9,$B10,$A$1:$A9,$A10))-(COUNTIFS($L$1:$L9,"Tor",$B$1:$B9,"<>"&$B10,$A$1:$A9,$A10)+COUNTIFS($L$1:$L9,"ET",$B$1:$B9,"<>"&$B10,$A$1:$A9,$A10))),"") -> 2 | K10: 9 | L10: Save | M10: EW | N10: EW | O10: 13 | AA10: adL | AB10: K | AC10: Kopf | AD10: RzT | AE10: 9 | AF10: -17 | AG10: 6.5 | AH10: =IF($L10="ET","",IF($AF10>3.66,SQRT($AG10^2+($AF10-(7.32/2))^2),IF($AF10<-3.66,SQRT($AG10^2+($AF10+(7.32/2))^2),$AG10))) -> 14.839326 | AI10: =IF($L10="ET","",IF(DEGREES(ATAN((7.32*$AG10)/($AG10^2+$AF10^2-(7.32/2)^2)))<=0,180+DEGREES(ATAN((7.32*$AG10)/($AG10^2+$AF10^2-(7.32/2)^2))),DEGREES(ATAN((7.32*$AG10)/($AG10^2+$AF10^2-(7.32/2)^2))))) -> 8.5134601 | AJ10: SB | AK10: -3 | AL10: 1 | AM10: =IF(Abschlüsse[[#This Row],[Ergeb]]="ET","",SQRT(($AF10-$AK10)^2+($AG10-$AL10)^2)) -> 15.041609 | AN10: 2 | AO10: -18 | AP10: 7.5 | AQ10: =IF(AN10=0,"",SQRT(($AF10-$AO10)^2+($AG10-$AP10)^2)) -> 1.4142136 | AR10: 0 | AU10: =IF(AR10=0,"",SQRT(($AF10-$AS10)^2+($AG10-$AT10)^2))
A11: 1 | B11: GWD | C11: =IF($A11="","",IF(VLOOKUP($A11,Spiele!$A$2:$D$16,3,FALSE)=$B11,"H","G")) -> G | D11: =IF($B11="","",IF(VLOOKUP($A11,Spiele!$A$2:$F$16,3,FALSE)=$B11,VLOOKUP($A11,Spiele!$A$2:$F$16,4,FALSE),VLOOKUP($A11,Spiele!$A$2:$F$16,3,FALSE))) -> FCN | E11: =IF(Abschlüsse[[#This Row],[Ergeb]]="ET",0,COUNTIFS($A$2:$A11,$A11,$B$2:$B11,$B11,$L$2:$L11,"<>ET")) -> 4 | F11: 24 | G11: 1 | H11: =COUNTIFS('Rote Karten'!$A$2:$A$4,$A11,'Rote Karten'!$D$2:$D$4,"<>"&$B11,'Rote Karten'!$B$2:$B$4,"<"&$F11,'Rote Karten'!$C$2:$C$4,"<="&$G11)-COUNTIFS('Rote Karten'!$A$2:$A$4,$A11,'Rote Karten'!$D$2:$D$4,$B11,'Rote Karten'!$B$2:$B$4,"<"&$F11,'Rote Karten'!$C$2:$C$4,"<="&$G11) -> 0 | I11: =IF(OR($L11="Tor",$L11="ET"),_xlfn.IFNA(IF(VLOOKUP($A11,Spiele!$A$2:$C$16,3,FALSE)=$B11,COUNTIFS($L$2:$L11,"Tor",$B$2:$B11,$B11,$A$2:$A11,$A11)+COUNTIFS($L$2:$L11,"ET",$B$2:$B11,$B11,$A$2:$A11,$A11)&":"&COUNTIFS($L$2:$L11,"Tor",$B$2:$B11,"<>"&$B11,$A$2:$A11,$A11)+COUNTIFS($L$2:$L11,"ET",$B$2:$B11,"<>"&$B11,$A$2:$A11,$A11),COUNTIFS($L$2:$L11,"Tor",$B$2:$B11,"<>"&$B11,$A$2:$A11,$A11)+COUNTIFS($L$2:$L11,"ET",$B$2:$B11,"<>"&$B11,$A$2:$A11,$A11)&":"&COUNTIFS($L$2:$L11,"Tor",$B$2:$B11,$B11,$A$2:$A11,$A11)+COUNTIFS($L$2:$L11,"ET",$B$2:$B11,$B11,$A$2:$A11,$A11)),""),"") | J11: =_xlfn.IFNA(IF(VLOOKUP($A11,Spiele!$A$2:$D$16,3,FALSE)=$B11,(COUNTIFS($L$1:$L10,"Tor",$B$1:$B10,$B11,$A$1:$A10,$A11)+COUNTIFS($L$1:$L10,"ET",$B$1:$B10,$B11,$A$1:$A10,$A11))-(COUNTIFS($L$1:$L10,"Tor",$B$1:$B10,"<>"&$B11,$A$1:$A10,$A11)+COUNTIFS($L$1:$L10,"ET",$B$1:$B10,"<>"&$B11,$A$1:$A10,$A11)),(COUNTIFS($L$1:$L10,"Tor",$B$1:$B10,$B11,$A$1:$A10,$A11)+COUNTIFS($L$1:$L10,"ET",$B$1:$B10,$B11,$A$1:$A10,$A11))-(COUNTIFS($L$1:$L10,"Tor",$B$1:$B10,"<>"&$B11,$A$1:$A10,$A11)+COUNTIFS($L$1:$L10,"ET",$B$1:$B10,"<>"&$B11,$A$1:$A10,$A11))),"") -> -2 | K11: 10 | L11: Save | M11: USO | N11: D | AA11: nd | AB11: L | AC11: Fuß | AD11: BzT | AF11: -5.5 | AG11: 15.5 | AH11: =IF($L11="ET","",IF($AF11>3.66,SQRT($AG11^2+($AF11-(7.32/2))^2),IF($AF11<-3.66,SQRT($AG11^2+($AF11+(7.32/2))^2),$AG11))) -> 15.608831 | AI11: =IF($L11="ET","",IF(DEGREES(ATAN((7.32*$AG11)/($AG11^2+$AF11^2-(7.32/2)^2)))<=0,180+DEGREES(ATAN((7.32*$AG11)/($AG11^2+$AF11^2-(7.32/2)^2))),DEGREES(ATAN((7.32*$AG11)/($AG11^2+$AF11^2-(7.32/2)^2))))) -> 23.811836 | AJ11: SB | AK11: -3.5 | AL11: 8 | AM11: =IF(Abschlüsse[[#This Row],[Ergeb]]="ET","",SQRT(($AF11-$AK11)^2+($AG11-$AL11)^2)) -> 7.7620873 | AN11: 2 | AO11: -4.5 | AP11: 17.5 | AQ11: =IF(AN11=0,"",SQRT(($AF11-$AO11)^2+($AG11-$AP11)^2)) -> 2.236068 | AR11: 0 | AU11: =IF(AR11=0,"",SQRT(($AF11-$AS11)^2+($AG11-$AT11)^2))
A12: 1 | B12: GWD | C12: =IF($A12="","",IF(VLOOKUP($A12,Spiele!$A$2:$D$16,3,FALSE)=$B12,"H","G")) -> G | D12: =IF($B12="","",IF(VLOOKUP($A12,Spiele!$A$2:$F$16,3,FALSE)=$B12,VLOOKUP($A12,Spiele!$A$2:$F$16,4,FALSE),VLOOKUP($A12,Spiele!$A$2:$F$16,3,FALSE))) -> FCN | E12: =IF(Abschlüsse[[#This Row],[Ergeb]]="ET",0,COUNTIFS($A$2:$A12,$A12,$B$2:$B12,$B12,$L$2:$L12,"<>ET")) -> 5 | F12: 24 | G12: 1 | H12: =COUNTIFS('Rote Karten'!$A$2:$A$4,$A12,'Rote Karten'!$D$2:$D$4,"<>"&$B12,'Rote Karten'!$B$2:$B$4,"<"&$F12,'Rote Karten'!$C$2:$C$4,"<="&$G12)-COUNTIFS('Rote Karten'!$A$2:$A$4,$A12,'Rote Karten'!$D$2:$D$4,$B12,'Rote Karten'!$B$2:$B$4,"<"&$F12,'Rote Karten'!$C$2:$C$4,"<="&$G12) -> 0 | I12: =IF(OR($L12="Tor",$L12="ET"),_xlfn.IFNA(IF(VLOOKUP($A12,Spiele!$A$2:$C$16,3,FALSE)=$B12,COUNTIFS($L$2:$L12,"Tor",$B$2:$B12,$B12,$A$2:$A12,$A12)+COUNTIFS($L$2:$L12,"ET",$B$2:$B12,$B12,$A$2:$A12,$A12)&":"&COUNTIFS($L$2:$L12,"Tor",$B$2:$B12,"<>"&$B12,$A$2:$A12,$A12)+COUNTIFS($L$2:$L12,"ET",$B$2:$B12,"<>"&$B12,$A$2:$A12,$A12),COUNTIFS($L$2:$L12,"Tor",$B$2:$B12,"<>"&$B12,$A$2:$A12,$A12)+COUNTIFS($L$2:$L12,"ET",$B$2:$B12,"<>"&$B12,$A$2:$A12,$A12)&":"&COUNTIFS($L$2:$L12,"Tor",$B$2:$B12,$B12,$A$2:$A12,$A12)+COUNTIFS($L$2:$L12,"ET",$B$2:$B12,$B12,$A$2:$A12,$A12)),""),"") | J12: =_xlfn.IFNA(IF(VLOOKUP($A12,Spiele!$A$2:$D$16,3,FALSE)=$B12,(COUNTIFS($L$1:$L11,"Tor",$B$1:$B11,$B12,$A$1:$A11,$A12)+COUNTIFS($L$1:$L11,"ET",$B$1:$B11,$B12,$A$1:$A11,$A12))-(COUNTIFS($L$1:$L11,"Tor",$B$1:$B11,"<>"&$B12,$A$1:$A11,$A12)+COUNTIFS($L$1:$L11,"ET",$B$1:$B11,"<>"&$B12,$A$1:$A11,$A12)),(COUNTIFS($L$1:$L11,"Tor",$B$1:$B11,$B12,$A$1:$A11,$A12)+COUNTIFS($L$1:$L11,"ET",$B$1:$B11,$B12,$A$1:$A11,$A12))-(COUNTIFS($L$1:$L11,"Tor",$B$1:$B11,"<>"&$B12,$A$1:$A11,$A12)+COUNTIFS($L$1:$L11,"ET",$B$1:$B11,"<>"&$B12,$A$1:$A11,$A12))),"") -> -2 | K12: 10 | L12: TLK | M12: USO | N12: NS | AA12: As | AB12: R | AC12: Fuß | AD12: adD | AF12: 6.5 | AG12: 12 | AH12: =IF($L12="ET","",IF($AF12>3.66,SQRT($AG12^2+($AF12-(7.32/2))^2),IF($AF12<-3.66,SQRT($AG12^2+($AF12+(7.32/2))^2),$AG12))) -> 12.331488 | AI12: =IF($L12="ET","",IF(DEGREES(ATAN((7.32*$AG12)/($AG12^2+$AF12^2-(7.32/2)^2)))<=0,180+DEGREES(ATAN((7.32*$AG12)/($AG12^2+$AF12^2-(7.32/2)^2))),DEGREES(ATAN((7.32*$AG12)/($AG12^2+$AF12^2-(7.32/2)^2))))) -> 26.938464 | AJ12: niT | AM12: =IF(Abschlüsse[[#This Row],[Ergeb]]="ET","",SQRT(($AF12-$AK12)^2+($AG12-$AL12)^2)) -> 13.647344 | AN12: 1 | AO12: 4 | AP12: 11.5 | AQ12: =IF(AN12=0,"",SQRT(($AF12-$AO12)^2+($AG12-$AP12)^2)) -> 2.5495098 | AR12: 1 | AS12: 0 | AT12: 7 | AU12: =IF(AR12=0,"",SQRT(($AF12-$AS12)^2+($AG12-$AT12)^2)) -> 8.2006097
A13: 1 | B13: GWD | C13: =IF($A13="","",IF(VLOOKUP($A13,Spiele!$A$2:$D$16,3,FALSE)=$B13,"H","G")) -> G | D13: =IF($B13="","",IF(VLOOKUP($A13,Spiele!$A$2:$F$16,3,FALSE)=$B13,VLOOKUP($A13,Spiele!$A$2:$F$16,4,FALSE),VLOOKUP($A13,Spiele!$A$2:$F$16,3,FALSE))) -> FCN | E13: =IF(Abschlüsse[[#This Row],[Ergeb]]="ET",0,COUNTIFS($A$2:$A13,$A13,$B$2:$B13,$B13,$L$2:$L13,"<>ET")) -> 6 | F13: 27 | G13: 1 | H13: =COUNTIFS('Rote Karten'!$A$2:$A$4,$A13,'Rote Karten'!$D$2:$D$4,"<>"&$B13,'Rote Karten'!$B$2:$B$4,"<"&$F13,'Rote Karten'!$C$2:$C$4,"<="&$G13)-COUNTIFS('Rote Karten'!$A$2:$A$4,$A13,'Rote Karten'!$D$2:$D$4,$B13,'Rote Karten'!$B$2:$B$4,"<"&$F13,'Rote Karten'!$C$2:$C$4,"<="&$G13) -> 0 | I13: =IF(OR($L13="Tor",$L13="ET"),_xlfn.IFNA(IF(VLOOKUP($A13,Spiele!$A$2:$C$16,3,FALSE)=$B13,COUNTIFS($L$2:$L13,"Tor",$B$2:$B13,$B13,$A$2:$A13,$A13)+COUNTIFS($L$2:$L13,"ET",$B$2:$B13,$B13,$A$2:$A13,$A13)&":"&COUNTIFS($L$2:$L13,"Tor",$B$2:$B13,"<>"&$B13,$A$2:$A13,$A13)+COUNTIFS($L$2:$L13,"ET",$B$2:$B13,"<>"&$B13,$A$2:$A13,$A13),COUNTIFS($L$2:$L13,"Tor",$B$2:$B13,"<>"&$B13,$A$2:$A13,$A13)+COUNTIFS($L$2:$L13,"ET",$B$2:$B13,"<>"&$B13,$A$2:$A13,$A13)&":"&COUNTIFS($L$2:$L13,"Tor",$B$2:$B13,$B13,$A$2:$A13,$A13)+COUNTIFS($L$2:$L13,"ET",$B$2:$B13,$B13,$A$2:$A13,$A13)),""),"") | J13: =_xlfn.IFNA(IF(VLOOKUP($A13,Spiele!$A$2:$D$16,3,FALSE)=$B13,(COUNTIFS($L$1:$L12,"Tor",$B$1:$B12,$B13,$A$1:$A12,$A13)+COUNTIFS($L$1:$L12,"ET",$B$1:$B12,$B13,$A$1:$A12,$A13))-(COUNTIFS($L$1:$L12,"Tor",$B$1:$B12,"<>"&$B13,$A$1:$A12,$A13)+COUNTIFS($L$1:$L12,"ET",$B$1:$B12,"<>"&$B13,$A$1:$A12,$A13)),(COUNTIFS($L$1:$L12,"Tor",$B$1:$B12,$B13,$A$1:$A12,$A13)+COUNTIFS($L$1:$L12,"ET",$B$1:$B12,$B13,$A$1:$A12,$A13))-(COUNTIFS($L$1:$L12,"Tor",$B$1:$B12,"<>"&$B13,$A$1:$A12,$A13)+COUNTIFS($L$1:$L12,"ET",$B$1:$B12,"<>"&$B13,$A$1:$A12,$A13))),"") -> -2 | K13: 11 | L13: Vorbei | M13: nFS | N13: AP | AA13: nd | AB13: L | AC13: Fuß | AD13: adD | AF13: 4 | AG13: 33 | AH13: =IF($L13="ET","",IF($AF13>3.66,SQRT($AG13^2+($AF13-(7.32/2))^2),IF($AF13<-3.66,SQRT($AG13^2+($AF13+(7.32/2))^2),$AG13))) -> 33.001751 | AI13: =IF($L13="ET","",IF(DEGREES(ATAN((7.32*$AG13)/($AG13^2+$AF13^2-(7.32/2)^2)))<=0,180+DEGREES(ATAN((7.32*$AG13)/($AG13^2+$AF13^2-(7.32/2)^2))),DEGREES(ATAN((7.32*$AG13)/($AG13^2+$AF13^2-(7.32/2)^2))))) -> 12.477842 | AJ13: SB | AK13: 0.5 | AL13: 2 | AM13: =IF(Abschlüsse[[#This Row],[Ergeb]]="ET","",SQRT(($AF13-$AK13)^2+($AG13-$AL13)^2)) -> 31.196955 | AN13: 1 | AO13: 6.5 | AP13: 32.5 | AQ13: =IF(AN13=0,"",SQRT(($AF13-$AO13)^2+($AG13-$AP13)^2)) -> 2.5495098 | AR13: 3 | AS13: 3.5 | AT13: 23 | AU13: =IF(AR13=0,"",SQRT(($AF13-$AS13)^2+($AG13-$AT13)^2)) -> 10.012492
A14: 1 | B14: FCN | C14: =IF($A14="","",IF(VLOOKUP($A14,Spiele!$A$2:$D$16,3,FALSE)=$B14,"H","G")) -> H | D14: =IF($B14="","",IF(VLOOKUP($A14,Spiele!$A$2:$F$16,3,FALSE)=$B14,VLOOKUP($A14,Spiele!$A$2:$F$16,4,FALSE),VLOOKUP($A14,Spiele!$A$2:$F$16,3,FALSE))) -> GWD | E14: =IF(Abschlüsse[[#This Row],[Ergeb]]="ET",0,COUNTIFS($A$2:$A14,$A14,$B$2:$B14,$B14,$L$2:$L14,"<>ET")) -> 7 | F14: 40 | G14: 1 | H14: =COUNTIFS('Rote Karten'!$A$2:$A$4,$A14,'Rote Karten'!$D$2:$D$4,"<>"&$B14,'Rote Karten'!$B$2:$B$4,"<"&$F14,'Rote Karten'!$C$2:$C$4,"<="&$G14)-COUNTIFS('Rote Karten'!$A$2:$A$4,$A14,'Rote Karten'!$D$2:$D$4,$B14,'Rote Karten'!$B$2:$B$4,"<"&$F14,'Rote Karten'!$C$2:$C$4,"<="&$G14) -> 0 | I14: =IF(OR($L14="Tor",$L14="ET"),_xlfn.IFNA(IF(VLOOKUP($A14,Spiele!$A$2:$C$16,3,FALSE)=$B14,COUNTIFS($L$2:$L14,"Tor",$B$2:$B14,$B14,$A$2:$A14,$A14)+COUNTIFS($L$2:$L14,"ET",$B$2:$B14,$B14,$A$2:$A14,$A14)&":"&COUNTIFS($L$2:$L14,"Tor",$B$2:$B14,"<>"&$B14,$A$2:$A14,$A14)+COUNTIFS($L$2:$L14,"ET",$B$2:$B14,"<>"&$B14,$A$2:$A14,$A14),COUNTIFS($L$2:$L14,"Tor",$B$2:$B14,"<>"&$B14,$A$2:$A14,$A14)+COUNTIFS($L$2:$L14,"ET",$B$2:$B14,"<>"&$B14,$A$2:$A14,$A14)&":"&COUNTIFS($L$2:$L14,"Tor",$B$2:$B14,$B14,$A$2:$A14,$A14)+COUNTIFS($L$2:$L14,"ET",$B$2:$B14,$B14,$A$2:$A14,$A14)),""),"") | J14: =_xlfn.IFNA(IF(VLOOKUP($A14,Spiele!$A$2:$D$16,3,FALSE)=$B14,(COUNTIFS($L$1:$L13,"Tor",$B$1:$B13,$B14,$A$1:$A13,$A14)+COUNTIFS($L$1:$L13,"ET",$B$1:$B13,$B14,$A$1:$A13,$A14))-(COUNTIFS($L$1:$L13,"Tor",$B$1:$B13,"<>"&$B14,$A$1:$A13,$A14)+COUNTIFS($L$1:$L13,"ET",$B$1:$B13,"<>"&$B14,$A$1:$A13,$A14)),(COUNTIFS($L$1:$L13,"Tor",$B$1:$B13,$B14,$A$1:$A13,$A14)+COUNTIFS($L$1:$L13,"ET",$B$1:$B13,$B14,$A$1:$A13,$A14))-(COUNTIFS($L$1:$L13,"Tor",$B$1:$B13,"<>"&$B14,$A$1:$A13,$A14)+COUNTIFS($L$1:$L13,"ET",$B$1:$B13,"<>"&$B14,$A$1:$A13,$A14))),"") -> 2 | K14: 12 | L14: Save | M14: EB | N14: TB | O14: 26 | P14: 23 | AA14: nd | AB14: L | AC14: Fuß | AD14: BzT | AE14: 13 | AF14: -21.5 | AG14: 11.5 | AH14: =IF($L14="ET","",IF($AF14>3.66,SQRT($AG14^2+($AF14-(7.32/2))^2),IF($AF14<-3.66,SQRT($AG14^2+($AF14+(7.32/2))^2),$AG14))) -> 21.225353 | AI14: =IF($L14="ET","",IF(DEGREES(ATAN((7.32*$AG14)/($AG14^2+$AF14^2-(7.32/2)^2)))<=0,180+DEGREES(ATAN((7.32*$AG14)/($AG14^2+$AF14^2-(7.32/2)^2))),DEGREES(ATAN((7.32*$AG14)/($AG14^2+$AF14^2-(7.32/2)^2))))) -> 8.2426483 | AJ14: SB | AK14: -2 | AL14: 2 | AM14: =IF(Abschlüsse[[#This Row],[Ergeb]]="ET","",SQRT(($AF14-$AK14)^2+($AG14-$AL14)^2)) -> 21.691012 | AN14: 1 | AO14: -20.5 | AP14: 12.5 | AQ14: =IF(AN14=0,"",SQRT(($AF14-$AO14)^2+($AG14-$AP14)^2)) -> 1.4142136 | AR14: 0 | AU14: =IF(AR14=0,"",SQRT(($AF14-$AS14)^2+($AG14-$AT14)^2))
A15: 1 | B15: FCN | C15: =IF($A15="","",IF(VLOOKUP($A15,Spiele!$A$2:$D$16,3,FALSE)=$B15,"H","G")) -> H | D15: =IF($B15="","",IF(VLOOKUP($A15,Spiele!$A$2:$F$16,3,FALSE)=$B15,VLOOKUP($A15,Spiele!$A$2:$F$16,4,FALSE),VLOOKUP($A15,Spiele!$A$2:$F$16,3,FALSE))) -> GWD | E15: =IF(Abschlüsse[[#This Row],[Ergeb]]="ET",0,COUNTIFS($A$2:$A15,$A15,$B$2:$B15,$B15,$L$2:$L15,"<>ET")) -> 8 | F15: 40 | G15: 1 | H15: =COUNTIFS('Rote Karten'!$A$2:$A$4,$A15,'Rote Karten'!$D$2:$D$4,"<>"&$B15,'Rote Karten'!$B$2:$B$4,"<"&$F15,'Rote Karten'!$C$2:$C$4,"<="&$G15)-COUNTIFS('Rote Karten'!$A$2:$A$4,$A15,'Rote Karten'!$D$2:$D$4,$B15,'Rote Karten'!$B$2:$B$4,"<"&$F15,'Rote Karten'!$C$2:$C$4,"<="&$G15) -> 0 | I15: =IF(OR($L15="Tor",$L15="ET"),_xlfn.IFNA(IF(VLOOKUP($A15,Spiele!$A$2:$C$16,3,FALSE)=$B15,COUNTIFS($L$2:$L15,"Tor",$B$2:$B16,$B15,$A$2:$A16,$A15)+COUNTIFS($L$2:$L15,"ET",$B$2:$B16,$B15,$A$2:$A16,$A15)&":"&COUNTIFS($L$2:$L15,"Tor",$B$2:$B16,"<>"&$B15,$A$2:$A16,$A15)+COUNTIFS($L$2:$L15,"ET",$B$2:$B16,"<>"&$B15,$A$2:$A16,$A15),COUNTIFS($L$2:$L15,"Tor",$B$2:$B16,"<>"&$B15,$A$2:$A16,$A15)+COUNTIFS($L$2:$L15,"ET",$B$2:$B16,"<>"&$B15,$A$2:$A16,$A15)&":"&COUNTIFS($L$2:$L15,"Tor",$B$2:$B16,$B15,$A$2:$A16,$A15)+COUNTIFS($L$2:$L15,"ET",$B$2:$B16,$B15,$A$2:$A16,$A15)),""),"") | J15: =_xlfn.IFNA(IF(VLOOKUP($A15,Spiele!$A$2:$D$16,3,FALSE)=$B15,(COUNTIFS($L$1:$L14,"Tor",$B$1:$B14,$B15,$A$1:$A14,$A15)+COUNTIFS($L$1:$L14,"ET",$B$1:$B14,$B15,$A$1:$A14,$A15))-(COUNTIFS($L$1:$L14,"Tor",$B$1:$B14,"<>"&$B15,$A$1:$A14,$A15)+COUNTIFS($L$1:$L14,"ET",$B$1:$B14,"<>"&$B15,$A$1:$A14,$A15)),(COUNTIFS($L$1:$L14,"Tor",$B$1:$B14,$B15,$A$1:$A14,$A15)+COUNTIFS($L$1:$L14,"ET",$B$1:$B14,$B15,$A$1:$A14,$A15))-(COUNTIFS($L$1:$L14,"Tor",$B$1:$B14,"<>"&$B15,$A$1:$A14,$A15)+COUNTIFS($L$1:$L14,"ET",$B$1:$B14,"<>"&$B15,$A$1:$A14,$A15))),"") -> 2 | K15: 12 | L15: Block | M15: EB | N15: NS | AA15: As | AB15: R | AC15: Fuß | AD15: BzT | AE15: 11 | AF15: 11 | AG15: 10 | AH15: =IF($L15="ET","",IF($AF15>3.66,SQRT($AG15^2+($AF15-(7.32/2))^2),IF($AF15<-3.66,SQRT($AG15^2+($AF15+(7.32/2))^2),$AG15))) -> 12.40466 | AI15: =IF($L15="ET","",IF(DEGREES(ATAN((7.32*$AG15)/($AG15^2+$AF15^2-(7.32/2)^2)))<=0,180+DEGREES(ATAN((7.32*$AG15)/($AG15^2+$AF15^2-(7.32/2)^2))),DEGREES(ATAN((7.32*$AG15)/($AG15^2+$AF15^2-(7.32/2)^2))))) -> 19.422328 | AJ15: SB | AK15: 1.5 | AL15: 2.5 | AM15: =IF(Abschlüsse[[#This Row],[Ergeb]]="ET","",SQRT(($AF15-$AK15)^2+($AG15-$AL15)^2)) -> 12.103718 | AN15: 0 | AQ15: =IF(AN15=0,"",SQRT(($AF15-$AO15)^2+($AG15-$AP15)^2)) | AR15: 2 | AS15: 8 | AT15: 6.5 | AU15: =IF(AR15=0,"",SQRT(($AF15-$AS15)^2+($AG15-$AT15)^2)) -> 4.6097722
A16: 1 | B16: FCN | C16: =IF($A16="","",IF(VLOOKUP($A16,Spiele!$A$2:$D$16,3,FALSE)=$B16,"H","G")) -> H | D16: =IF($B16="","",IF(VLOOKUP($A16,Spiele!$A$2:$F$16,3,FALSE)=$B16,VLOOKUP($A16,Spiele!$A$2:$F$16,4,FALSE),VLOOKUP($A16,Spiele!$A$2:$F$16,3,FALSE))) -> GWD | E16: =IF(Abschlüsse[[#This Row],[Ergeb]]="ET",0,COUNTIFS($A$2:$A16,$A16,$B$2:$B16,$B16,$L$2:$L16,"<>ET")) -> 9 | F16: 41 | G16: 2 | H16: =COUNTIFS('Rote Karten'!$A$2:$A$4,$A16,'Rote Karten'!$D$2:$D$4,"<>"&$B16,'Rote Karten'!$B$2:$B$4,"<"&$F16,'Rote Karten'!$C$2:$C$4,"<="&$G16)-COUNTIFS('Rote Karten'!$A$2:$A$4,$A16,'Rote Karten'!$D$2:$D$4,$B16,'Rote Karten'!$B$2:$B$4,"<"&$F16,'Rote Karten'!$C$2:$C$4,"<="&$G16) -> 0 | I16: =IF(OR($L16="Tor",$L16="ET"),_xlfn.IFNA(IF(VLOOKUP($A16,Spiele!$A$2:$C$16,3,FALSE)=$B16,COUNTIFS($L$2:$L16,"Tor",$B$2:$B16,$B16,$A$2:$A16,$A16)+COUNTIFS($L$2:$L16,"ET",$B$2:$B16,$B16,$A$2:$A16,$A16)&":"&COUNTIFS($L$2:$L16,"Tor",$B$2:$B16,"<>"&$B16,$A$2:$A16,$A16)+COUNTIFS($L$2:$L16,"ET",$B$2:$B16,"<>"&$B16,$A$2:$A16,$A16),COUNTIFS($L$2:$L16,"Tor",$B$2:$B16,"<>"&$B16,$A$2:$A16,$A16)+COUNTIFS($L$2:$L16,"ET",$B$2:$B16,"<>"&$B16,$A$2:$A16,$A16)&":"&COUNTIFS($L$2:$L16,"Tor",$B$2:$B16,$B16,$A$2:$A16,$A16)+COUNTIFS($L$2:$L16,"ET",$B$2:$B16,$B16,$A$2:$A16,$A16)),""),"") | J16: =_xlfn.IFNA(IF(VLOOKUP($A16,Spiele!$A$2:$D$16,3,FALSE)=$B16,(COUNTIFS($L$1:$L15,"Tor",$B$1:$B15,$B16,$A$1:$A15,$A16)+COUNTIFS($L$1:$L15,"ET",$B$1:$B15,$B16,$A$1:$A15,$A16))-(COUNTIFS($L$1:$L15,"Tor",$B$1:$B15,"<>"&$B16,$A$1:$A15,$A16)+COUNTIFS($L$1:$L15,"ET",$B$1:$B15,"<>"&$B16,$A$1:$A15,$A16)),(COUNTIFS($L$1:$L15,"Tor",$B$1:$B15,$B16,$A$1:$A15,$A16)+COUNTIFS($L$1:$L15,"ET",$B$1:$B15,$B16,$A$1:$A15,$A16))-(COUNTIFS($L$1:$L15,"Tor",$B$1:$B15,"<>"&$B16,$A$1:$A15,$A16)+COUNTIFS($L$1:$L15,"ET",$B$1:$B15,"<>"&$B16,$A$1:$A15,$A16))),"") -> 2 | K16: 13 | L16: Block | M16: USO | N16: RP | O16: 27 | P16: 9 | Q16: 6 | AA16: nd | AB16: L | AC16: Fuß | AD16: adD | AE16: 9 | AF16: -7.5 | AG16: 18 | AH16: =IF($L16="ET","",IF($AF16>3.66,SQRT($AG16^2+($AF16-(7.32/2))^2),IF($AF16<-3.66,SQRT($AG16^2+($AF16+(7.32/2))^2),$AG16))) -> 18.405043 | AI16: =IF($L16="ET","",IF(DEGREES(ATAN((7.32*$AG16)/($AG16^2+$AF16^2-(7.32/2)^2)))<=0,180+DEGREES(ATAN((7.32*$AG16)/($AG16^2+$AF16^2-(7.32/2)^2))),DEGREES(ATAN((7.32*$AG16)/($AG16^2+$AF16^2-(7.32/2)^2))))) -> 19.756338 | AJ16: SB | AK16: -2 | AL16: 2 | AM16: =IF(Abschlüsse[[#This Row],[Ergeb]]="ET","",SQRT(($AF16-$AK16)^2+($AG16-$AL16)^2)) -> 16.918924 | AN16: 0 | AQ16: =IF(AN16=0,"",SQRT(($AF16-$AO16)^2+($AG16-$AP16)^2)) | AR16: 1 | AS16: -6.5 | AT16: 16 | AU16: =IF(AR16=0,"",SQRT(($AF16-$AS16)^2+($AG16-$AT16)^2)) -> 2.236068
A17: 1 | B17: FCN | C17: =IF($A17="","",IF(VLOOKUP($A17,Spiele!$A$2:$D$16,3,FALSE)=$B17,"H","G")) -> H | D17: =IF($B17="","",IF(VLOOKUP($A17,Spiele!$A$2:$F$16,3,FALSE)=$B17,VLOOKUP($A17,Spiele!$A$2:$F$16,4,FALSE),VLOOKUP($A17,Spiele!$A$2:$F$16,3,FALSE))) -> GWD | E17: =IF(Abschlüsse[[#This Row],[Ergeb]]="ET",0,COUNTIFS($A$2:$A17,$A17,$B$2:$B17,$B17,$L$2:$L17,"<>ET")) -> 10 | F17: 42 | G17: 2 | H17: =COUNTIFS('Rote Karten'!$A$2:$A$4,$A17,'Rote Karten'!$D$2:$D$4,"<>"&$B17,'Rote Karten'!$B$2:$B$4,"<"&$F17,'Rote Karten'!$C$2:$C$4,"<="&$G17)-COUNTIFS('Rote Karten'!$A$2:$A$4,$A17,'Rote Karten'!$D$2:$D$4,$B17,'Rote Karten'!$B$2:$B$4,"<"&$F17,'Rote Karten'!$C$2:$C$4,"<="&$G17) -> 0 | I17: =IF(OR($L17="Tor",$L17="ET"),_xlfn.IFNA(IF(VLOOKUP($A17,Spiele!$A$2:$C$16,3,FALSE)=$B17,COUNTIFS($L$2:$L17,"Tor",$B$2:$B17,$B17,$A$2:$A17,$A17)+COUNTIFS($L$2:$L17,"ET",$B$2:$B17,$B17,$A$2:$A17,$A17)&":"&COUNTIFS($L$2:$L17,"Tor",$B$2:$B17,"<>"&$B17,$A$2:$A17,$A17)+COUNTIFS($L$2:$L17,"ET",$B$2:$B17,"<>"&$B17,$A$2:$A17,$A17),COUNTIFS($L$2:$L17,"Tor",$B$2:$B17,"<>"&$B17,$A$2:$A17,$A17)+COUNTIFS($L$2:$L17,"ET",$B$2:$B17,"<>"&$B17,$A$2:$A17,$A17)&":"&COUNTIFS($L$2:$L17,"Tor",$B$2:$B17,$B17,$A$2:$A17,$A17)+COUNTIFS($L$2:$L17,"ET",$B$2:$B17,$B17,$A$2:$A17,$A17)),""),"") | J17: =_xlfn.IFNA(IF(VLOOKUP($A17,Spiele!$A$2:$D$16,3,FALSE)=$B17,(COUNTIFS($L$1:$L16,"Tor",$B$1:$B16,$B17,$A$1:$A16,$A17)+COUNTIFS($L$1:$L16,"ET",$B$1:$B16,$B17,$A$1:$A16,$A17))-(COUNTIFS($L$1:$L16,"Tor",$B$1:$B16,"<>"&$B17,$A$1:$A16,$A17)+COUNTIFS($L$1:$L16,"ET",$B$1:$B16,"<>"&$B17,$A$1:$A16,$A17)),(COUNTIFS($L$1:$L16,"Tor",$B$1:$B16,$B17,$A$1:$A16,$A17)+COUNTIFS($L$1:$L16,"ET",$B$1:$B16,$B17,$A$1:$A16,$A17))-(COUNTIFS($L$1:$L16,"Tor",$B$1:$B16,"<>"&$B17,$A$1:$A16,$A17)+COUNTIFS($L$1:$L16,"ET",$B$1:$B16,"<>"&$B17,$A$1:$A16,$A17))),"") -> 2 | K17: 14 | L17: Vorbei | M17: EB | N17: TB | O17: 6 | P17: 1 | Q17: 6 | AA17: nd | AB17: R | AC17: Fuß | AD17: adD | AE17: 8 | AF17: -7.5 | AG17: 19 | AH17: =IF($L17="ET","",IF($AF17>3.66,SQRT($AG17^2+($AF17-(7.32/2))^2),IF($AF17<-3.66,SQRT($AG17^2+($AF17+(7.32/2))^2),$AG17))) -> 19.384158 | AI17: =IF($L17="ET","",IF(DEGREES(ATAN((7.32*$AG17)/($AG17^2+$AF17^2-(7.32/2)^2)))<=0,180+DEGREES(ATAN((7.32*$AG17)/($AG17^2+$AF17^2-(7.32/2)^2))),DEGREES(ATAN((7.32*$AG17)/($AG17^2+$AF17^2-(7.32/2)^2))))) -> 19.002762 | AJ17: SB | AK17: -1 | AL17: 2 | AM17: =IF(Abschlüsse[[#This Row],[Ergeb]]="ET","",SQRT(($AF17-$AK17)^2+($AG17-$AL17)^2)) -> 18.200275 | AN17: 1 | AO17: -9 | AP17: 18 | AQ17: =IF(AN17=0,"",SQRT(($AF17-$AO17)^2+($AG17-$AP17)^2)) -> 1.8027756 | AR17: 1 | AS17: -6 | AT17: 13.5 | AU17: =IF(AR17=0,"",SQRT(($AF17-$AS17)^2+($AG17-$AT17)^2)) -> 5.7008771
A18: 1 | B18: GWD | C18: =IF($A18="","",IF(VLOOKUP($A18,Spiele!$A$2:$D$16,3,FALSE)=$B18,"H","G")) -> G | D18: =IF($B18="","",IF(VLOOKUP($A18,Spiele!$A$2:$F$16,3,FALSE)=$B18,VLOOKUP($A18,Spiele!$A$2:$F$16,4,FALSE),VLOOKUP($A18,Spiele!$A$2:$F$16,3,FALSE))) -> FCN | E18: =IF(Abschlüsse[[#This Row],[Ergeb]]="ET",0,COUNTIFS($A$2:$A18,$A18,$B$2:$B18,$B18,$L$2:$L18,"<>ET")) -> 7 | F18: 43 | G18: 2 | H18: =COUNTIFS('Rote Karten'!$A$2:$A$4,$A18,'Rote Karten'!$D$2:$D$4,"<>"&$B18,'Rote Karten'!$B$2:$B$4,"<"&$F18,'Rote Karten'!$C$2:$C$4,"<="&$G18)-COUNTIFS('Rote Karten'!$A$2:$A$4,$A18,'Rote Karten'!$D$2:$D$4,$B18,'Rote Karten'!$B$2:$B$4,"<"&$F18,'Rote Karten'!$C$2:$C$4,"<="&$G18) -> 0 | I18: =IF(OR($L18="Tor",$L18="ET"),_xlfn.IFNA(IF(VLOOKUP($A18,Spiele!$A$2:$C$16,3,FALSE)=$B18,COUNTIFS($L$2:$L18,"Tor",$B$2:$B18,$B18,$A$2:$A18,$A18)+COUNTIFS($L$2:$L18,"ET",$B$2:$B18,$B18,$A$2:$A18,$A18)&":"&COUNTIFS($L$2:$L18,"Tor",$B$2:$B18,"<>"&$B18,$A$2:$A18,$A18)+COUNTIFS($L$2:$L18,"ET",$B$2:$B18,"<>"&$B18,$A$2:$A18,$A18),COUNTIFS($L$2:$L18,"Tor",$B$2:$B18,"<>"&$B18,$A$2:$A18,$A18)+COUNTIFS($L$2:$L18,"ET",$B$2:$B18,"<>"&$B18,$A$2:$A18,$A18)&":"&COUNTIFS($L$2:$L18,"Tor",$B$2:$B18,$B18,$A$2:$A18,$A18)+COUNTIFS($L$2:$L18,"ET",$B$2:$B18,$B18,$A$2:$A18,$A18)),""),"") | J18: =_xlfn.IFNA(IF(VLOOKUP($A18,Spiele!$A$2:$D$16,3,FALSE)=$B18,(COUNTIFS($L$1:$L17,"Tor",$B$1:$B17,$B18,$A$1:$A17,$A18)+COUNTIFS($L$1:$L17,"ET",$B$1:$B17,$B18,$A$1:$A17,$A18))-(COUNTIFS($L$1:$L17,"Tor",$B$1:$B17,"<>"&$B18,$A$1:$A17,$A18)+COUNTIFS($L$1:$L17,"ET",$B$1:$B17,"<>"&$B18,$A$1:$A17,$A18)),(COUNTIFS($L$1:$L17,"Tor",$B$1:$B17,$B18,$A$1:$A17,$A18)+COUNTIFS($L$1:$L17,"ET",$B$1:$B17,$B18,$A$1:$A17,$A18))-(COUNTIFS($L$1:$L17,"Tor",$B$1:$B17,"<>"&$B18,$A$1:$A17,$A18)+COUNTIFS($L$1:$L17,"ET",$B$1:$B17,"<>"&$B18,$A$1:$A17,$A18))),"") -> -2 | K18: 15 | L18: Save | M18: nFS | N18: RP | AA18: vB | AB18: R | AC18: Fuß | AD18: adD | AF18: 14.5 | AG18: 8.5 | AH18: =IF($L18="ET","",IF($AF18>3.66,SQRT($AG18^2+($AF18-(7.32/2))^2),IF($AF18<-3.66,SQRT($AG18^2+($AF18+(7.32/2))^2),$AG18))) -> 13.775181 | AI18: =IF($L18="ET","",IF(DEGREES(ATAN((7.32*$AG18)/($AG18^2+$AF18^2-(7.32/2)^2)))<=0,180+DEGREES(ATAN((7.32*$AG18)/($AG18^2+$AF18^2-(7.32/2)^2))),DEGREES(ATAN((7.32*$AG18)/($AG18^2+$AF18^2-(7.32/2)^2))))) -> 13.018667 | AJ18: SB | AK18: 4 | AL18: 0.5 | AM18: =IF(Abschlüsse[[#This Row],[Ergeb]]="ET","",SQRT(($AF18-$AK18)^2+($AG18-$AL18)^2)) -> 13.200379 | AN18: 0 | AQ18: =IF(AN18=0,"",SQRT(($AF18-$AO18)^2+($AG18-$AP18)^2)) | AR18: 1 | AS18: 12 | AT18: 8 | AU18: =IF(AR18=0,"",SQRT(($AF18-$AS18)^2+($AG18-$AT18)^2)) -> 2.5495098
A19: 1 | B19: FCN | C19: =IF($A19="","",IF(VLOOKUP($A19,Spiele!$A$2:$D$16,3,FALSE)=$B19,"H","G")) -> H | D19: =IF($B19="","",IF(VLOOKUP($A19,Spiele!$A$2:$F$16,3,FALSE)=$B19,VLOOKUP($A19,Spiele!$A$2:$F$16,4,FALSE),VLOOKUP($A19,Spiele!$A$2:$F$16,3,FALSE))) -> GWD | E19: =IF(Abschlüsse[[#This Row],[Ergeb]]="ET",0,COUNTIFS($A$2:$A19,$A19,$B$2:$B19,$B19,$L$2:$L19,"<>ET")) -> 11 | F19: 45 | G19: 2 | H19: =COUNTIFS('Rote Karten'!$A$2:$A$4,$A19,'Rote Karten'!$D$2:$D$4,"<>"&$B19,'Rote Karten'!$B$2:$B$4,"<"&$F19,'Rote Karten'!$C$2:$C$4,"<="&$G19)-COUNTIFS('Rote Karten'!$A$2:$A$4,$A19,'Rote Karten'!$D$2:$D$4,$B19,'Rote Karten'!$B$2:$B$4,"<"&$F19,'Rote Karten'!$C$2:$C$4,"<="&$G19) -> 0 | I19: =IF(OR($L19="Tor",$L19="ET"),_xlfn.IFNA(IF(VLOOKUP($A19,Spiele!$A$2:$C$16,3,FALSE)=$B19,COUNTIFS($L$2:$L19,"Tor",$B$2:$B19,$B19,$A$2:$A19,$A19)+COUNTIFS($L$2:$L19,"ET",$B$2:$B19,$B19,$A$2:$A19,$A19)&":"&COUNTIFS($L$2:$L19,"Tor",$B$2:$B19,"<>"&$B19,$A$2:$A19,$A19)+COUNTIFS($L$2:$L19,"ET",$B$2:$B19,"<>"&$B19,$A$2:$A19,$A19),COUNTIFS($L$2:$L19,"Tor",$B$2:$B19,"<>"&$B19,$A$2:$A19,$A19)+COUNTIFS($L$2:$L19,"ET",$B$2:$B19,"<>"&$B19,$A$2:$A19,$A19)&":"&COUNTIFS($L$2:$L19,"Tor",$B$2:$B19,$B19,$A$2:$A19,$A19)+COUNTIFS($L$2:$L19,"ET",$B$2:$B19,$B19,$A$2:$A19,$A19)),""),"") | J19: =_xlfn.IFNA(IF(VLOOKUP($A19,Spiele!$A$2:$D$16,3,FALSE)=$B19,(COUNTIFS($L$1:$L18,"Tor",$B$1:$B18,$B19,$A$1:$A18,$A19)+COUNTIFS($L$1:$L18,"ET",$B$1:$B18,$B19,$A$1:$A18,$A19))-(COUNTIFS($L$1:$L18,"Tor",$B$1:$B18,"<>"&$B19,$A$1:$A18,$A19)+COUNTIFS($L$1:$L18,"ET",$B$1:$B18,"<>"&$B19,$A$1:$A18,$A19)),(COUNTIFS($L$1:$L18,"Tor",$B$1:$B18,$B19,$A$1:$A18,$A19)+COUNTIFS($L$1:$L18,"ET",$B$1:$B18,$B19,$A$1:$A18,$A19))-(COUNTIFS($L$1:$L18,"Tor",$B$1:$B18,"<>"&$B19,$A$1:$A18,$A19)+COUNTIFS($L$1:$L18,"ET",$B$1:$B18,"<>"&$B19,$A$1:$A18,$A19))),"") -> 2 | K19: 16 | L19: Vorbei | M19: USO | N19: GF | AA19: nd | AB19: R | AC19: Fuß | AD19: BzT | AE19: 6 | AF19: 5.5 | AG19: 28 | AH19: =IF($L19="ET","",IF($AF19>3.66,SQRT($AG19^2+($AF19-(7.32/2))^2),IF($AF19<-3.66,SQRT($AG19^2+($AF19+(7.32/2))^2),$AG19))) -> 28.060392 | AI19: =IF($L19="ET","",IF(DEGREES(ATAN((7.32*$AG19)/($AG19^2+$AF19^2-(7.32/2)^2)))<=0,180+DEGREES(ATAN((7.32*$AG19)/($AG19^2+$AF19^2-(7.32/2)^2))),DEGREES(ATAN((7.32*$AG19)/($AG19^2+$AF19^2-(7.32/2)^2))))) -> 14.355393 | AJ19: SB | AK19: 0.5 | AL19: 2.5 | AM19: =IF(Abschlüsse[[#This Row],[Ergeb]]="ET","",SQRT(($AF19-$AK19)^2+($AG19-$AL19)^2)) -> 25.985573 | AN19: 1 | AO19: 7 | AP19: 24.5 | AQ19: =IF(AN19=0,"",SQRT(($AF19-$AO19)^2+($AG19-$AP19)^2)) -> 3.8078866 | AR19: 1 | AS19: 3.5 | AT19: 17.5 | AU19: =IF(AR19=0,"",SQRT(($AF19-$AS19)^2+($AG19-$AT19)^2)) -> 10.688779
A20: 1 | B20: GWD | C20: =IF($A20="","",IF(VLOOKUP($A20,Spiele!$A$2:$D$16,3,FALSE)=$B20,"H","G")) -> G | D20: =IF($B20="","",IF(VLOOKUP($A20,Spiele!$A$2:$F$16,3,FALSE)=$B20,VLOOKUP($A20,Spiele!$A$2:$F$16,4,FALSE),VLOOKUP($A20,Spiele!$A$2:$F$16,3,FALSE))) -> FCN | E20: =IF(Abschlüsse[[#This Row],[Ergeb]]="ET",0,COUNTIFS($A$2:$A20,$A20,$B$2:$B20,$B20,$L$2:$L20,"<>ET")) -> 8 | F20: 46 | G20: 2 | H20: =COUNTIFS('Rote Karten'!$A$2:$A$4,$A20,'Rote Karten'!$D$2:$D$4,"<>"&$B20,'Rote Karten'!$B$2:$B$4,"<"&$F20,'Rote Karten'!$C$2:$C$4,"<="&$G20)-COUNTIFS('Rote Karten'!$A$2:$A$4,$A20,'Rote Karten'!$D$2:$D$4,$B20,'Rote Karten'!$B$2:$B$4,"<"&$F20,'Rote Karten'!$C$2:$C$4,"<="&$G20) -> 0 | I20: =IF(OR($L20="Tor",$L20="ET"),_xlfn.IFNA(IF(VLOOKUP($A20,Spiele!$A$2:$C$16,3,FALSE)=$B20,COUNTIFS($L$2:$L20,"Tor",$B$2:$B20,$B20,$A$2:$A20,$A20)+COUNTIFS($L$2:$L20,"ET",$B$2:$B20,$B20,$A$2:$A20,$A20)&":"&COUNTIFS($L$2:$L20,"Tor",$B$2:$B20,"<>"&$B20,$A$2:$A20,$A20)+COUNTIFS($L$2:$L20,"ET",$B$2:$B20,"<>"&$B20,$A$2:$A20,$A20),COUNTIFS($L$2:$L20,"Tor",$B$2:$B20,"<>"&$B20,$A$2:$A20,$A20)+COUNTIFS($L$2:$L20,"ET",$B$2:$B20,"<>"&$B20,$A$2:$A20,$A20)&":"&COUNTIFS($L$2:$L20,"Tor",$B$2:$B20,$B20,$A$2:$A20,$A20)+COUNTIFS($L$2:$L20,"ET",$B$2:$B20,$B20,$A$2:$A20,$A20)),""),"") | J20: =_xlfn.IFNA(IF(VLOOKUP($A20,Spiele!$A$2:$D$16,3,FALSE)=$B20,(COUNTIFS($L$1:$L19,"Tor",$B$1:$B19,$B20,$A$1:$A19,$A20)+COUNTIFS($L$1:$L19,"ET",$B$1:$B19,$B20,$A$1:$A19,$A20))-(COUNTIFS($L$1:$L19,"Tor",$B$1:$B19,"<>"&$B20,$A$1:$A19,$A20)+COUNTIFS($L$1:$L19,"ET",$B$1:$B19,"<>"&$B20,$A$1:$A19,$A20)),(COUNTIFS($L$1:$L19,"Tor",$B$1:$B19,$B20,$A$1:$A19,$A20)+COUNTIFS($L$1:$L19,"ET",$B$1:$B19,$B20,$A$1:$A19,$A20))-(COUNTIFS($L$1:$L19,"Tor",$B$1:$B19,"<>"&$B20,$A$1:$A19,$A20)+COUNTIFS($L$1:$L19,"ET",$B$1:$B19,"<>"&$B20,$A$1:$A19,$A20))),"") -> -2 | K20: 17 | L20: Vorbei | M20: USO | N20: D | AA20: nd | AB20: R | AC20: Fuß | AD20: BzT | AF20: -21 | AG20: 19 | AH20: =IF($L20="ET","",IF($AF20>3.66,SQRT($AG20^2+($AF20-(7.32/2))^2),IF($AF20<-3.66,SQRT($AG20^2+($AF20+(7.32/2))^2),$AG20))) -> 25.723056 | AI20: =IF($L20="ET","",IF(DEGREES(ATAN((7.32*$AG20)/($AG20^2+$AF20^2-(7.32/2)^2)))<=0,180+DEGREES(ATAN((7.32*$AG20)/($AG20^2+$AF20^2-(7.32/2)^2))),DEGREES(ATAN((7.32*$AG20)/($AG20^2+$AF20^2-(7.32/2)^2))))) -> 10.001957 | AJ20: SB | AK20: 3 | AL20: 0.5 | AM20: =IF(Abschlüsse[[#This Row],[Ergeb]]="ET","",SQRT(($AF20-$AK20)^2+($AG20-$AL20)^2)) -> 30.30264 | AN20: 1 | AO20: -19.5 | AP20: 19.5 | AQ20: =IF(AN20=0,"",SQRT(($AF20-$AO20)^2+($AG20-$AP20)^2)) -> 1.5811388 | AR20: 1 | AS20: -14 | AT20: 15.5 | AU20: =IF(AR20=0,"",SQRT(($AF20-$AS20)^2+($AG20-$AT20)^2)) -> 7.8262379
A21: 1 | B21: FCN | C21: =IF($A21="","",IF(VLOOKUP($A21,Spiele!$A$2:$D$16,3,FALSE)=$B21,"H","G")) -> H | D21: =IF($B21="","",IF(VLOOKUP($A21,Spiele!$A$2:$F$16,3,FALSE)=$B21,VLOOKUP($A21,Spiele!$A$2:$F$16,4,FALSE),VLOOKUP($A21,Spiele!$A$2:$F$16,3,FALSE))) -> GWD | E21: =IF(Abschlüsse[[#This Row],[Ergeb]]="ET",0,COUNTIFS($A$2:$A21,$A21,$B$2:$B21,$B21,$L$2:$L21,"<>ET")) -> 12 | F21: 51 | G21: 2 | H21: =COUNTIFS('Rote Karten'!$A$2:$A$4,$A21,'Rote Karten'!$D$2:$D$4,"<>"&$B21,'Rote Karten'!$B$2:$B$4,"<"&$F21,'Rote Karten'!$C$2:$C$4,"<="&$G21)-COUNTIFS('Rote Karten'!$A$2:$A$4,$A21,'Rote Karten'!$D$2:$D$4,$B21,'Rote Karten'!$B$2:$B$4,"<"&$F21,'Rote Karten'!$C$2:$C$4,"<="&$G21) -> 0 | I21: =IF(OR($L21="Tor",$L21="ET"),_xlfn.IFNA(IF(VLOOKUP($A21,Spiele!$A$2:$C$16,3,FALSE)=$B21,COUNTIFS($L$2:$L21,"Tor",$B$2:$B21,$B21,$A$2:$A21,$A21)+COUNTIFS($L$2:$L21,"ET",$B$2:$B21,$B21,$A$2:$A21,$A21)&":"&COUNTIFS($L$2:$L21,"Tor",$B$2:$B21,"<>"&$B21,$A$2:$A21,$A21)+COUNTIFS($L$2:$L21,"ET",$B$2:$B21,"<>"&$B21,$A$2:$A21,$A21),COUNTIFS($L$2:$L21,"Tor",$B$2:$B21,"<>"&$B21,$A$2:$A21,$A21)+COUNTIFS($L$2:$L21,"ET",$B$2:$B21,"<>"&$B21,$A$2:$A21,$A21)&":"&COUNTIFS($L$2:$L21,"Tor",$B$2:$B21,$B21,$A$2:$A21,$A21)+COUNTIFS($L$2:$L21,"ET",$B$2:$B21,$B21,$A$2:$A21,$A21)),""),"") | J21: =_xlfn.IFNA(IF(VLOOKUP($A21,Spiele!$A$2:$D$16,3,FALSE)=$B21,(COUNTIFS($L$1:$L20,"Tor",$B$1:$B20,$B21,$A$1:$A20,$A21)+COUNTIFS($L$1:$L20,"ET",$B$1:$B20,$B21,$A$1:$A20,$A21))-(COUNTIFS($L$1:$L20,"Tor",$B$1:$B20,"<>"&$B21,$A$1:$A20,$A21)+COUNTIFS($L$1:$L20,"ET",$B$1:$B20,"<>"&$B21,$A$1:$A20,$A21)),(COUNTIFS($L$1:$L20,"Tor",$B$1:$B20,$B21,$A$1:$A20,$A21)+COUNTIFS($L$1:$L20,"ET",$B$1:$B20,$B21,$A$1:$A20,$A21))-(COUNTIFS($L$1:$L20,"Tor",$B$1:$B20,"<>"&$B21,$A$1:$A20,$A21)+COUNTIFS($L$1:$L20,"ET",$B$1:$B20,"<>"&$B21,$A$1:$A20,$A21))),"") -> 2 | K21: 18 | L21: Vorbei | M21: USO | N21: D | O21: 8 | AA21: nd | AB21: L | AC21: Fuß | AD21: adD | AE21: 7 | AF21: -7.5 | AG21: 11 | AH21: =IF($L21="ET","",IF($AF21>3.66,SQRT($AG21^2+($AF21-(7.32/2))^2),IF($AF21<-3.66,SQRT($AG21^2+($AF21+(7.32/2))^2),$AG21))) -> 11.650991 | AI21: =IF($L21="ET","",IF(DEGREES(ATAN((7.32*$AG21)/($AG21^2+$AF21^2-(7.32/2)^2)))<=0,180+DEGREES(ATAN((7.32*$AG21)/($AG21^2+$AF21^2-(7.32/2)^2))),DEGREES(ATAN((7.32*$AG21)/($AG21^2+$AF21^2-(7.32/2)^2))))) -> 26.17005 | AJ21: SB | AK21: -3 | AL21: 2.5 | AM21: =IF(Abschlüsse[[#This Row],[Ergeb]]="ET","",SQRT(($AF21-$AK21)^2+($AG21-$AL21)^2)) -> 9.617692 | AN21: 0 | AQ21: =IF(AN21=0,"",SQRT(($AF21-$AO21)^2+($AG21-$AP21)^2)) | AR21: 1 | AS21: -6.5 | AT21: 10.5 | AU21: =IF(AR21=0,"",SQRT(($AF21-$AS21)^2+($AG21-$AT21)^2)) -> 1.118034
A22: 1 | B22: FCN | C22: =IF($A22="","",IF(VLOOKUP($A22,Spiele!$A$2:$D$16,3,FALSE)=$B22,"H","G")) -> H | D22: =IF($B22="","",IF(VLOOKUP($A22,Spiele!$A$2:$F$16,3,FALSE)=$B22,VLOOKUP($A22,Spiele!$A$2:$F$16,4,FALSE),VLOOKUP($A22,Spiele!$A$2:$F$16,3,FALSE))) -> GWD | E22: =IF(Abschlüsse[[#This Row],[Ergeb]]="ET",0,COUNTIFS($A$2:$A22,$A22,$B$2:$B22,$B22,$L$2:$L22,"<>ET")) -> 13 | F22: 57 | G22: 2 | H22: =COUNTIFS('Rote Karten'!$A$2:$A$4,$A22,'Rote Karten'!$D$2:$D$4,"<>"&$B22,'Rote Karten'!$B$2:$B$4,"<"&$F22,'Rote Karten'!$C$2:$C$4,"<="&$G22)-COUNTIFS('Rote Karten'!$A$2:$A$4,$A22,'Rote Karten'!$D$2:$D$4,$B22,'Rote Karten'!$B$2:$B$4,"<"&$F22,'Rote Karten'!$C$2:$C$4,"<="&$G22) -> 0 | I22: =IF(OR($L22="Tor",$L22="ET"),_xlfn.IFNA(IF(VLOOKUP($A22,Spiele!$A$2:$C$16,3,FALSE)=$B22,COUNTIFS($L$2:$L22,"Tor",$B$2:$B22,$B22,$A$2:$A22,$A22)+COUNTIFS($L$2:$L22,"ET",$B$2:$B22,$B22,$A$2:$A22,$A22)&":"&COUNTIFS($L$2:$L22,"Tor",$B$2:$B22,"<>"&$B22,$A$2:$A22,$A22)+COUNTIFS($L$2:$L22,"ET",$B$2:$B22,"<>"&$B22,$A$2:$A22,$A22),COUNTIFS($L$2:$L22,"Tor",$B$2:$B22,"<>"&$B22,$A$2:$A22,$A22)+COUNTIFS($L$2:$L22,"ET",$B$2:$B22,"<>"&$B22,$A$2:$A22,$A22)&":"&COUNTIFS($L$2:$L22,"Tor",$B$2:$B22,$B22,$A$2:$A22,$A22)+COUNTIFS($L$2:$L22,"ET",$B$2:$B22,$B22,$A$2:$A22,$A22)),""),"") -> 3:0 | J22: =_xlfn.IFNA(IF(VLOOKUP($A22,Spiele!$A$2:$D$16,3,FALSE)=$B22,(COUNTIFS($L$1:$L21,"Tor",$B$1:$B21,$B22,$A$1:$A21,$A22)+COUNTIFS($L$1:$L21,"ET",$B$1:$B21,$B22,$A$1:$A21,$A22))-(COUNTIFS($L$1:$L21,"Tor",$B$1:$B21,"<>"&$B22,$A$1:$A21,$A22)+COUNTIFS($L$1:$L21,"ET",$B$1:$B21,"<>"&$B22,$A$1:$A21,$A22)),(COUNTIFS($L$1:$L21,"Tor",$B$1:$B21,$B22,$A$1:$A21,$A22)+COUNTIFS($L$1:$L21,"ET",$B$1:$B21,$B22,$A$1:$A21,$A22))-(COUNTIFS($L$1:$L21,"Tor",$B$1:$B21,"<>"&$B22,$A$1:$A21,$A22)+COUNTIFS($L$1:$L21,"ET",$B$1:$B21,"<>"&$B22,$A$1:$A21,$A22))),"") -> 2 | K22: 19 | L22: Tor | M22: USO | N22: D | O22: 8 | AA22: nd | AB22: R | AC22: Fuß | AD22: adD | AE22: 7 | AF22: -5.5 | AG22: 8 | AH22: =IF($L22="ET","",IF($AF22>3.66,SQRT($AG22^2+($AF22-(7.32/2))^2),IF($AF22<-3.66,SQRT($AG22^2+($AF22+(7.32/2))^2),$AG22))) -> 8.2088732 | AI22: =IF($L22="ET","",IF(DEGREES(ATAN((7.32*$AG22)/($AG22^2+$AF22^2-(7.32/2)^2)))<=0,180+DEGREES(ATAN((7.32*$AG22)/($AG22^2+$AF22^2-(7.32/2)^2))),DEGREES(ATAN((7.32*$AG22)/($AG22^2+$AF22^2-(7.32/2)^2))))) -> 35.914493 | AJ22: SB | AK22: -2.5 | AL22: 1.5 | AM22: =IF(Abschlüsse[[#This Row],[Ergeb]]="ET","",SQRT(($AF22-$AK22)^2+($AG22-$AL22)^2)) -> 7.1589105 | AN22: 0 | AQ22: =IF(AN22=0,"",SQRT(($AF22-$AO22)^2+($AG22-$AP22)^2)) | AR22: 1 | AS22: -4.5 | AT22: 7.5 | AU22: =IF(AR22=0,"",SQRT(($AF22-$AS22)^2+($AG22-$AT22)^2)) -> 1.118034
A23: 1 | B23: FCN | C23: =IF($A23="","",IF(VLOOKUP($A23,Spiele!$A$2:$D$16,3,FALSE)=$B23,"H","G")) -> H | D23: =IF($B23="","",IF(VLOOKUP($A23,Spiele!$A$2:$F$16,3,FALSE)=$B23,VLOOKUP($A23,Spiele!$A$2:$F$16,4,FALSE),VLOOKUP($A23,Spiele!$A$2:$F$16,3,FALSE))) -> GWD | E23: =IF(Abschlüsse[[#This Row],[Ergeb]]="ET",0,COUNTIFS($A$2:$A23,$A23,$B$2:$B23,$B23,$L$2:$L23,"<>ET")) -> 14 | F23: 60 | G23: 2 | H23: =COUNTIFS('Rote Karten'!$A$2:$A$4,$A23,'Rote Karten'!$D$2:$D$4,"<>"&$B23,'Rote Karten'!$B$2:$B$4,"<"&$F23,'Rote Karten'!$C$2:$C$4,"<="&$G23)-COUNTIFS('Rote Karten'!$A$2:$A$4,$A23,'Rote Karten'!$D$2:$D$4,$B23,'Rote Karten'!$B$2:$B$4,"<"&$F23,'Rote Karten'!$C$2:$C$4,"<="&$G23) -> 0 | I23: =IF(OR($L23="Tor",$L23="ET"),_xlfn.IFNA(IF(VLOOKUP($A23,Spiele!$A$2:$C$16,3,FALSE)=$B23,COUNTIFS($L$2:$L23,"Tor",$B$2:$B23,$B23,$A$2:$A23,$A23)+COUNTIFS($L$2:$L23,"ET",$B$2:$B23,$B23,$A$2:$A23,$A23)&":"&COUNTIFS($L$2:$L23,"Tor",$B$2:$B23,"<>"&$B23,$A$2:$A23,$A23)+COUNTIFS($L$2:$L23,"ET",$B$2:$B23,"<>"&$B23,$A$2:$A23,$A23),COUNTIFS($L$2:$L23,"Tor",$B$2:$B23,"<>"&$B23,$A$2:$A23,$A23)+COUNTIFS($L$2:$L23,"ET",$B$2:$B23,"<>"&$B23,$A$2:$A23,$A23)&":"&COUNTIFS($L$2:$L23,"Tor",$B$2:$B23,$B23,$A$2:$A23,$A23)+COUNTIFS($L$2:$L23,"ET",$B$2:$B23,$B23,$A$2:$A23,$A23)),""),"") | J23: =_xlfn.IFNA(IF(VLOOKUP($A23,Spiele!$A$2:$D$16,3,FALSE)=$B23,(COUNTIFS($L$1:$L22,"Tor",$B$1:$B22,$B23,$A$1:$A22,$A23)+COUNTIFS($L$1:$L22,"ET",$B$1:$B22,$B23,$A$1:$A22,$A23))-(COUNTIFS($L$1:$L22,"Tor",$B$1:$B22,"<>"&$B23,$A$1:$A22,$A23)+COUNTIFS($L$1:$L22,"ET",$B$1:$B22,"<>"&$B23,$A$1:$A22,$A23)),(COUNTIFS($L$1:$L22,"Tor",$B$1:$B22,$B23,$A$1:$A22,$A23)+COUNTIFS($L$1:$L22,"ET",$B$1:$B22,$B23,$A$1:$A22,$A23))-(COUNTIFS($L$1:$L22,"Tor",$B$1:$B22,"<>"&$B23,$A$1:$A22,$A23)+COUNTIFS($L$1:$L22,"ET",$B$1:$B22,"<>"&$B23,$A$1:$A22,$A23))),"") -> 3 | K23: 20 | L23: Vorbei | M23: EB | N23: RP | O23: 18 | P23: 8 | Q23: 20 | R23: 1 | S23: 23 | T23: 26 | AA23: vB | AB23: L | AC23: Fuß | AD23: adD | AE23: 8 | AF23: -11 | AG23: 16 | AH23: =IF($L23="ET","",IF($AF23>3.66,SQRT($AG23^2+($AF23-(7.32/2))^2),IF($AF23<-3.66,SQRT($AG23^2+($AF23+(7.32/2))^2),$AG23))) -> 17.603284 | AI23: =IF($L23="ET","",IF(DEGREES(ATAN((7.32*$AG23)/($AG23^2+$AF23^2-(7.32/2)^2)))<=0,180+DEGREES(ATAN((7.32*$AG23)/($AG23^2+$AF23^2-(7.32/2)^2))),DEGREES(ATAN((7.32*$AG23)/($AG23^2+$AF23^2-(7.32/2)^2))))) -> 17.854181 | AJ23: SB | AK23: -2.5 | AL23: 1 | AM23: =IF(Abschlüsse[[#This Row],[Ergeb]]="ET","",SQRT(($AF23-$AK23)^2+($AG23-$AL23)^2)) -> 17.24094 | AN23: 0 | AQ23: =IF(AN23=0,"",SQRT(($AF23-$AO23)^2+($AG23-$AP23)^2)) | AR23: 2 | AS23: -9.5 | AT23: 14.5 | AU23: =IF(AR23=0,"",SQRT(($AF23-$AS23)^2+($AG23-$AT23)^2)) -> 2.1213203
A24: 1 | B24: FCN | C24: =IF($A24="","",IF(VLOOKUP($A24,Spiele!$A$2:$D$16,3,FALSE)=$B24,"H","G")) -> H | D24: =IF($B24="","",IF(VLOOKUP($A24,Spiele!$A$2:$F$16,3,FALSE)=$B24,VLOOKUP($A24,Spiele!$A$2:$F$16,4,FALSE),VLOOKUP($A24,Spiele!$A$2:$F$16,3,FALSE))) -> GWD | E24: =IF(Abschlüsse[[#This Row],[Ergeb]]="ET",0,COUNTIFS($A$2:$A24,$A24,$B$2:$B24,$B24,$L$2:$L24,"<>ET")) -> 15 | F24: 70 | G24: 2 | H24: =COUNTIFS('Rote Karten'!$A$2:$A$4,$A24,'Rote Karten'!$D$2:$D$4,"<>"&$B24,'Rote Karten'!$B$2:$B$4,"<"&$F24,'Rote Karten'!$C$2:$C$4,"<="&$G24)-COUNTIFS('Rote Karten'!$A$2:$A$4,$A24,'Rote Karten'!$D$2:$D$4,$B24,'Rote Karten'!$B$2:$B$4,"<"&$F24,'Rote Karten'!$C$2:$C$4,"<="&$G24) -> 0 | I24: =IF(OR($L24="Tor",$L24="ET"),_xlfn.IFNA(IF(VLOOKUP($A24,Spiele!$A$2:$C$16,3,FALSE)=$B24,COUNTIFS($L$2:$L24,"Tor",$B$2:$B24,$B24,$A$2:$A24,$A24)+COUNTIFS($L$2:$L24,"ET",$B$2:$B24,$B24,$A$2:$A24,$A24)&":"&COUNTIFS($L$2:$L24,"Tor",$B$2:$B24,"<>"&$B24,$A$2:$A24,$A24)+COUNTIFS($L$2:$L24,"ET",$B$2:$B24,"<>"&$B24,$A$2:$A24,$A24),COUNTIFS($L$2:$L24,"Tor",$B$2:$B24,"<>"&$B24,$A$2:$A24,$A24)+COUNTIFS($L$2:$L24,"ET",$B$2:$B24,"<>"&$B24,$A$2:$A24,$A24)&":"&COUNTIFS($L$2:$L24,"Tor",$B$2:$B24,$B24,$A$2:$A24,$A24)+COUNTIFS($L$2:$L24,"ET",$B$2:$B24,$B24,$A$2:$A24,$A24)),""),"") -> 4:0 | J24: =_xlfn.IFNA(IF(VLOOKUP($A24,Spiele!$A$2:$D$16,3,FALSE)=$B24,(COUNTIFS($L$1:$L23,"Tor",$B$1:$B23,$B24,$A$1:$A23,$A24)+COUNTIFS($L$1:$L23,"ET",$B$1:$B23,$B24,$A$1:$A23,$A24))-(COUNTIFS($L$1:$L23,"Tor",$B$1:$B23,"<>"&$B24,$A$1:$A23,$A24)+COUNTIFS($L$1:$L23,"ET",$B$1:$B23,"<>"&$B24,$A$1:$A23,$A24)),(COUNTIFS($L$1:$L23,"Tor",$B$1:$B23,$B24,$A$1:$A23,$A24)+COUNTIFS($L$1:$L23,"ET",$B$1:$B23,$B24,$A$1:$A23,$A24))-(COUNTIFS($L$1:$L23,"Tor",$B$1:$B23,"<>"&$B24,$A$1:$A23,$A24)+COUNTIFS($L$1:$L23,"ET",$B$1:$B23,"<>"&$B24,$A$1:$A23,$A24))),"") -> 3 | K24: 21 | L24: Tor | M24: USO | N24: D | O24: 25 | P24: 8 | Q24: 1 | AA24: nd | AB24: L | AC24: Fuß | AD24: BzT | AE24: 18 | AF24: -8.5 | AG24: 7.5 | AH24: =IF($L24="ET","",IF($AF24>3.66,SQRT($AG24^2+($AF24-(7.32/2))^2),IF($AF24<-3.66,SQRT($AG24^2+($AF24+(7.32/2))^2),$AG24))) -> 8.926119 | AI24: =IF($L24="ET","",IF(DEGREES(ATAN((7.32*$AG24)/($AG24^2+$AF24^2-(7.32/2)^2)))<=0,180+DEGREES(ATAN((7.32*$AG24)/($AG24^2+$AF24^2-(7.32/2)^2))),DEGREES(ATAN((7.32*$AG24)/($AG24^2+$AF24^2-(7.32/2)^2))))) -> 25.499196 | AJ24: SB | AK24: -5 | AL24: 4.5 | AM24: =IF(Abschlüsse[[#This Row],[Ergeb]]="ET","",SQRT(($AF24-$AK24)^2+($AG24-$AL24)^2)) -> 4.6097722 | AN24: 2 | AO24: -7.5 | AP24: 8.5 | AQ24: =IF(AN24=0,"",SQRT(($AF24-$AO24)^2+($AG24-$AP24)^2)) -> 1.4142136 | AR24: 0 | AU24: =IF(AR24=0,"",SQRT(($AF24-$AS24)^2+($AG24-$AT24)^2))
A25: 1 | B25: GWD | C25: =IF($A25="","",IF(VLOOKUP($A25,Spiele!$A$2:$D$16,3,FALSE)=$B25,"H","G")) -> G | D25: =IF($B25="","",IF(VLOOKUP($A25,Spiele!$A$2:$F$16,3,FALSE)=$B25,VLOOKUP($A25,Spiele!$A$2:$F$16,4,FALSE),VLOOKUP($A25,Spiele!$A$2:$F$16,3,FALSE))) -> FCN | E25: =IF(Abschlüsse[[#This Row],[Ergeb]]="ET",0,COUNTIFS($A$2:$A25,$A25,$B$2:$B25,$B25,$L$2:$L25,"<>ET")) -> 9 | F25: 72 | G25: 2 | H25: =COUNTIFS('Rote Karten'!$A$2:$A$4,$A25,'Rote Karten'!$D$2:$D$4,"<>"&$B25,'Rote Karten'!$B$2:$B$4,"<"&$F25,'Rote Karten'!$C$2:$C$4,"<="&$G25)-COUNTIFS('Rote Karten'!$A$2:$A$4,$A25,'Rote Karten'!$D$2:$D$4,$B25,'Rote Karten'!$B$2:$B$4,"<"&$F25,'Rote Karten'!$C$2:$C$4,"<="&$G25) -> 0 | I25: =IF(OR($L25="Tor",$L25="ET"),_xlfn.IFNA(IF(VLOOKUP($A25,Spiele!$A$2:$C$16,3,FALSE)=$B25,COUNTIFS($L$2:$L25,"Tor",$B$2:$B25,$B25,$A$2:$A25,$A25)+COUNTIFS($L$2:$L25,"ET",$B$2:$B25,$B25,$A$2:$A25,$A25)&":"&COUNTIFS($L$2:$L25,"Tor",$B$2:$B25,"<>"&$B25,$A$2:$A25,$A25)+COUNTIFS($L$2:$L25,"ET",$B$2:$B25,"<>"&$B25,$A$2:$A25,$A25),COUNTIFS($L$2:$L25,"Tor",$B$2:$B25,"<>"&$B25,$A$2:$A25,$A25)+COUNTIFS($L$2:$L25,"ET",$B$2:$B25,"<>"&$B25,$A$2:$A25,$A25)&":"&COUNTIFS($L$2:$L25,"Tor",$B$2:$B25,$B25,$A$2:$A25,$A25)+COUNTIFS($L$2:$L25,"ET",$B$2:$B25,$B25,$A$2:$A25,$A25)),""),"") | J25: =_xlfn.IFNA(IF(VLOOKUP($A25,Spiele!$A$2:$D$16,3,FALSE)=$B25,(COUNTIFS($L$1:$L24,"Tor",$B$1:$B24,$B25,$A$1:$A24,$A25)+COUNTIFS($L$1:$L24,"ET",$B$1:$B24,$B25,$A$1:$A24,$A25))-(COUNTIFS($L$1:$L24,"Tor",$B$1:$B24,"<>"&$B25,$A$1:$A24,$A25)+COUNTIFS($L$1:$L24,"ET",$B$1:$B24,"<>"&$B25,$A$1:$A24,$A25)),(COUNTIFS($L$1:$L24,"Tor",$B$1:$B24,$B25,$A$1:$A24,$A25)+COUNTIFS($L$1:$L24,"ET",$B$1:$B24,$B25,$A$1:$A24,$A25))-(COUNTIFS($L$1:$L24,"Tor",$B$1:$B24,"<>"&$B25,$A$1:$A24,$A25)+COUNTIFS($L$1:$L24,"ET",$B$1:$B24,"<>"&$B25,$A$1:$A24,$A25))),"") -> -4 | K25: 22 | L25: Save | M25: nEW | N25: RP | AA25: nd | AB25: L | AC25: Fuß | AD25: adD | AF25: -13.5 | AG25: 22 | AH25: =IF($L25="ET","",IF($AF25>3.66,SQRT($AG25^2+($AF25-(7.32/2))^2),IF($AF25<-3.66,SQRT($AG25^2+($AF25+(7.32/2))^2),$AG25))) -> 24.100324 | AI25: =IF($L25="ET","",IF(DEGREES(ATAN((7.32*$AG25)/($AG25^2+$AF25^2-(7.32/2)^2)))<=0,180+DEGREES(ATAN((7.32*$AG25)/($AG25^2+$AF25^2-(7.32/2)^2))),DEGREES(ATAN((7.32*$AG25)/($AG25^2+$AF25^2-(7.32/2)^2))))) -> 13.856565 | AJ25: SB | AK25: -1.5 | AL25: 1.5 | AM25: =IF(Abschlüsse[[#This Row],[Ergeb]]="ET","",SQRT(($AF25-$AK25)^2+($AG25-$AL25)^2)) -> 23.753947 | AN25: 1 | AO25: -14 | AP25: 20 | AQ25: =IF(AN25=0,"",SQRT(($AF25-$AO25)^2+($AG25-$AP25)^2)) -> 2.0615528 | AR25: 1 | AS25: -7.5 | AT25: 17 | AU25: =IF(AR25=0,"",SQRT(($AF25-$AS25)^2+($AG25-$AT25)^2)) -> 7.8102497
A26: 1 | B26: FCN | C26: =IF($A26="","",IF(VLOOKUP($A26,Spiele!$A$2:$D$16,3,FALSE)=$B26,"H","G")) -> H | D26: =IF($B26="","",IF(VLOOKUP($A26,Spiele!$A$2:$F$16,3,FALSE)=$B26,VLOOKUP($A26,Spiele!$A$2:$F$16,4,FALSE),VLOOKUP($A26,Spiele!$A$2:$F$16,3,FALSE))) -> GWD | E26: =IF(Abschlüsse[[#This Row],[Ergeb]]="ET",0,COUNTIFS($A$2:$A26,$A26,$B$2:$B26,$B26,$L$2:$L26,"<>ET")) -> 16 | F26: 75 | G26: 2 | H26: =COUNTIFS('Rote Karten'!$A$2:$A$4,$A26,'Rote Karten'!$D$2:$D$4,"<>"&$B26,'Rote Karten'!$B$2:$B$4,"<"&$F26,'Rote Karten'!$C$2:$C$4,"<="&$G26)-COUNTIFS('Rote Karten'!$A$2:$A$4,$A26,'Rote Karten'!$D$2:$D$4,$B26,'Rote Karten'!$B$2:$B$4,"<"&$F26,'Rote Karten'!$C$2:$C$4,"<="&$G26) -> 0 | I26: =IF(OR($L26="Tor",$L26="ET"),_xlfn.IFNA(IF(VLOOKUP($A26,Spiele!$A$2:$C$16,3,FALSE)=$B26,COUNTIFS($L$2:$L26,"Tor",$B$2:$B26,$B26,$A$2:$A26,$A26)+COUNTIFS($L$2:$L26,"ET",$B$2:$B26,$B26,$A$2:$A26,$A26)&":"&COUNTIFS($L$2:$L26,"Tor",$B$2:$B26,"<>"&$B26,$A$2:$A26,$A26)+COUNTIFS($L$2:$L26,"ET",$B$2:$B26,"<>"&$B26,$A$2:$A26,$A26),COUNTIFS($L$2:$L26,"Tor",$B$2:$B26,"<>"&$B26,$A$2:$A26,$A26)+COUNTIFS($L$2:$L26,"ET",$B$2:$B26,"<>"&$B26,$A$2:$A26,$A26)&":"&COUNTIFS($L$2:$L26,"Tor",$B$2:$B26,$B26,$A$2:$A26,$A26)+COUNTIFS($L$2:$L26,"ET",$B$2:$B26,$B26,$A$2:$A26,$A26)),""),"") | J26: =_xlfn.IFNA(IF(VLOOKUP($A26,Spiele!$A$2:$D$16,3,FALSE)=$B26,(COUNTIFS($L$1:$L25,"Tor",$B$1:$B25,$B26,$A$1:$A25,$A26)+COUNTIFS($L$1:$L25,"ET",$B$1:$B25,$B26,$A$1:$A25,$A26))-(COUNTIFS($L$1:$L25,"Tor",$B$1:$B25,"<>"&$B26,$A$1:$A25,$A26)+COUNTIFS($L$1:$L25,"ET",$B$1:$B25,"<>"&$B26,$A$1:$A25,$A26)),(COUNTIFS($L$1:$L25,"Tor",$B$1:$B25,$B26,$A$1:$A25,$A26)+COUNTIFS($L$1:$L25,"ET",$B$1:$B25,$B26,$A$1:$A25,$A26))-(COUNTIFS($L$1:$L25,"Tor",$B$1:$B25,"<>"&$B26,$A$1:$A25,$A26)+COUNTIFS($L$1:$L25,"ET",$B$1:$B25,"<>"&$B26,$A$1:$A25,$A26))),"") -> 4 | K26: 23 | L26: Vorbei | M26: nE | N26: AP | AA26: adL | AB26: K | AC26: Kopf | AD26: BzT | AE26: 25 | AF26: -6.5 | AG26: 2 | AH26: =IF($L26="ET","",IF($AF26>3.66,SQRT($AG26^2+($AF26-(7.32/2))^2),IF($AF26<-3.66,SQRT($AG26^2+($AF26+(7.32/2))^2),$AG26))) -> 3.4735573 | AI26: =IF($L26="ET","",IF(DEGREES(ATAN((7.32*$AG26)/($AG26^2+$AF26^2-(7.32/2)^2)))<=0,180+DEGREES(ATAN((7.32*$AG26)/($AG26^2+$AF26^2-(7.32/2)^2))),DEGREES(ATAN((7.32*$AG26)/($AG26^2+$AF26^2-(7.32/2)^2))))) -> 24.017868 | AJ26: nSB | AK26: -1.5 | AL26: 1.5 | AM26: =IF(Abschlüsse[[#This Row],[Ergeb]]="ET","",SQRT(($AF26-$AK26)^2+($AG26-$AL26)^2)) -> 5.0249378 | AN26: 0 | AQ26: =IF(AN26=0,"",SQRT(($AF26-$AO26)^2+($AG26-$AP26)^2)) | AR26: 1 | AS26: -4.5 | AT26: 1.5 | AU26: =IF(AR26=0,"",SQRT(($AF26-$AS26)^2+($AG26-$AT26)^2)) -> 2.0615528
A27: 1 | B27: FCN | C27: =IF($A27="","",IF(VLOOKUP($A27,Spiele!$A$2:$D$16,3,FALSE)=$B27,"H","G")) -> H | D27: =IF($B27="","",IF(VLOOKUP($A27,Spiele!$A$2:$F$16,3,FALSE)=$B27,VLOOKUP($A27,Spiele!$A$2:$F$16,4,FALSE),VLOOKUP($A27,Spiele!$A$2:$F$16,3,FALSE))) -> GWD | E27: =IF(Abschlüsse[[#This Row],[Ergeb]]="ET",0,COUNTIFS($A$2:$A27,$A27,$B$2:$B27,$B27,$L$2:$L27,"<>ET")) -> 17 | F27: 75 | G27: 2 | H27: =COUNTIFS('Rote Karten'!$A$2:$A$4,$A27,'Rote Karten'!$D$2:$D$4,"<>"&$B27,'Rote Karten'!$B$2:$B$4,"<"&$F27,'Rote Karten'!$C$2:$C$4,"<="&$G27)-COUNTIFS('Rote Karten'!$A$2:$A$4,$A27,'Rote Karten'!$D$2:$D$4,$B27,'Rote Karten'!$B$2:$B$4,"<"&$F27,'Rote Karten'!$C$2:$C$4,"<="&$G27) -> 0 | I27: =IF(OR($L27="Tor",$L27="ET"),_xlfn.IFNA(IF(VLOOKUP($A27,Spiele!$A$2:$C$16,3,FALSE)=$B27,COUNTIFS($L$2:$L27,"Tor",$B$2:$B27,$B27,$A$2:$A27,$A27)+COUNTIFS($L$2:$L27,"ET",$B$2:$B27,$B27,$A$2:$A27,$A27)&":"&COUNTIFS($L$2:$L27,"Tor",$B$2:$B27,"<>"&$B27,$A$2:$A27,$A27)+COUNTIFS($L$2:$L27,"ET",$B$2:$B27,"<>"&$B27,$A$2:$A27,$A27),COUNTIFS($L$2:$L27,"Tor",$B$2:$B27,"<>"&$B27,$A$2:$A27,$A27)+COUNTIFS($L$2:$L27,"ET",$B$2:$B27,"<>"&$B27,$A$2:$A27,$A27)&":"&COUNTIFS($L$2:$L27,"Tor",$B$2:$B27,$B27,$A$2:$A27,$A27)+COUNTIFS($L$2:$L27,"ET",$B$2:$B27,$B27,$A$2:$A27,$A27)),""),"") | J27: =_xlfn.IFNA(IF(VLOOKUP($A27,Spiele!$A$2:$D$16,3,FALSE)=$B27,(COUNTIFS($L$1:$L26,"Tor",$B$1:$B26,$B27,$A$1:$A26,$A27)+COUNTIFS($L$1:$L26,"ET",$B$1:$B26,$B27,$A$1:$A26,$A27))-(COUNTIFS($L$1:$L26,"Tor",$B$1:$B26,"<>"&$B27,$A$1:$A26,$A27)+COUNTIFS($L$1:$L26,"ET",$B$1:$B26,"<>"&$B27,$A$1:$A26,$A27)),(COUNTIFS($L$1:$L26,"Tor",$B$1:$B26,$B27,$A$1:$A26,$A27)+COUNTIFS($L$1:$L26,"ET",$B$1:$B26,$B27,$A$1:$A26,$A27))-(COUNTIFS($L$1:$L26,"Tor",$B$1:$B26,"<>"&$B27,$A$1:$A26,$A27)+COUNTIFS($L$1:$L26,"ET",$B$1:$B26,"<>"&$B27,$A$1:$A26,$A27))),"") -> 4 | K27: 24 | L27: Block | M27: USO | N27: AP | AA27: vB | AB27: R | AC27: Fuß | AD27: BzT | AE27: 5 | AF27: 9 | AG27: 11 | AH27: =IF($L27="ET","",IF($AF27>3.66,SQRT($AG27^2+($AF27-(7.32/2))^2),IF($AF27<-3.66,SQRT($AG27^2+($AF27+(7.32/2))^2),$AG27))) -> 12.227657 | AI27: =IF($L27="ET","",IF(DEGREES(ATAN((7.32*$AG27)/($AG27^2+$AF27^2-(7.32/2)^2)))<=0,180+DEGREES(ATAN((7.32*$AG27)/($AG27^2+$AF27^2-(7.32/2)^2))),DEGREES(ATAN((7.32*$AG27)/($AG27^2+$AF27^2-(7.32/2)^2))))) -> 23.118865 | AJ27: SB | AK27: 2.5 | AL27: 0.5 | AM27: =IF(Abschlüsse[[#This Row],[Ergeb]]="ET","",SQRT(($AF27-$AK27)^2+($AG27-$AL27)^2)) -> 12.349089 | AN27: 0 | AQ27: =IF(AN27=0,"",SQRT(($AF27-$AO27)^2+($AG27-$AP27)^2)) | AR27: 1 | AS27: 9 | AT27: 10.5 | AU27: =IF(AR27=0,"",SQRT(($AF27-$AS27)^2+($AG27-$AT27)^2)) -> 0.5
A28: 2 | B28: FCD | C28: =IF($A28="","",IF(VLOOKUP($A28,Spiele!$A$2:$D$16,3,FALSE)=$B28,"H","G")) -> H | D28: =IF($B28="","",IF(VLOOKUP($A28,Spiele!$A$2:$F$16,3,FALSE)=$B28,VLOOKUP($A28,Spiele!$A$2:$F$16,4,FALSE),VLOOKUP($A28,Spiele!$A$2:$F$16,3,FALSE))) -> FCN | E28: =IF(Abschlüsse[[#This Row],[Ergeb]]="ET",0,COUNTIFS($A$2:$A28,$A28,$B$2:$B28,$B28,$L$2:$L28,"<>ET")) -> 1 | F28: 4 | G28: 1 | H28: =COUNTIFS('Rote Karten'!$A$2:$A$4,$A28,'Rote Karten'!$D$2:$D$4,"<>"&$B28,'Rote Karten'!$B$2:$B$4,"<"&$F28,'Rote Karten'!$C$2:$C$4,"<="&$G28)-COUNTIFS('Rote Karten'!$A$2:$A$4,$A28,'Rote Karten'!$D$2:$D$4,$B28,'Rote Karten'!$B$2:$B$4,"<"&$F28,'Rote Karten'!$C$2:$C$4,"<="&$G28) -> 0 | I28: =IF(OR($L28="Tor",$L28="ET"),_xlfn.IFNA(IF(VLOOKUP($A28,Spiele!$A$2:$C$16,3,FALSE)=$B28,COUNTIFS($L$2:$L28,"Tor",$B$2:$B28,$B28,$A$2:$A28,$A28)+COUNTIFS($L$2:$L28,"ET",$B$2:$B28,$B28,$A$2:$A28,$A28)&":"&COUNTIFS($L$2:$L28,"Tor",$B$2:$B28,"<>"&$B28,$A$2:$A28,$A28)+COUNTIFS($L$2:$L28,"ET",$B$2:$B28,"<>"&$B28,$A$2:$A28,$A28),COUNTIFS($L$2:$L28,"Tor",$B$2:$B28,"<>"&$B28,$A$2:$A28,$A28)+COUNTIFS($L$2:$L28,"ET",$B$2:$B28,"<>"&$B28,$A$2:$A28,$A28)&":"&COUNTIFS($L$2:$L28,"Tor",$B$2:$B28,$B28,$A$2:$A28,$A28)+COUNTIFS($L$2:$L28,"ET",$B$2:$B28,$B28,$A$2:$A28,$A28)),""),"") -> 1:0 | J28: =_xlfn.IFNA(IF(VLOOKUP($A28,Spiele!$A$2:$D$16,3,FALSE)=$B28,(COUNTIFS($L$1:$L27,"Tor",$B$1:$B27,$B28,$A$1:$A27,$A28)+COUNTIFS($L$1:$L27,"ET",$B$1:$B27,$B28,$A$1:$A27,$A28))-(COUNTIFS($L$1:$L27,"Tor",$B$1:$B27,"<>"&$B28,$A$1:$A27,$A28)+COUNTIFS($L$1:$L27,"ET",$B$1:$B27,"<>"&$B28,$A$1:$A27,$A28)),(COUNTIFS($L$1:$L27,"Tor",$B$1:$B27,$B28,$A$1:$A27,$A28)+COUNTIFS($L$1:$L27,"ET",$B$1:$B27,$B28,$A$1:$A27,$A28))-(COUNTIFS($L$1:$L27,"Tor",$B$1:$B27,"<>"&$B28,$A$1:$A27,$A28)+COUNTIFS($L$1:$L27,"ET",$B$1:$B27,"<>"&$B28,$A$1:$A27,$A28))),"") -> 0 | K28: 1 | L28: Tor | M28: USO | N28: RP | AA28: nd | AB28: R | AC28: Fuß | AD28: BzT | AF28: 1.5 | AG28: 19 | AH28: =IF($L28="ET","",IF($AF28>3.66,SQRT($AG28^2+($AF28-(7.32/2))^2),IF($AF28<-3.66,SQRT($AG28^2+($AF28+(7.32/2))^2),$AG28))) -> 19 | AI28: =IF($L28="ET","",IF(DEGREES(ATAN((7.32*$AG28)/($AG28^2+$AF28^2-(7.32/2)^2)))<=0,180+DEGREES(ATAN((7.32*$AG28)/($AG28^2+$AF28^2-(7.32/2)^2))),DEGREES(ATAN((7.32*$AG28)/($AG28^2+$AF28^2-(7.32/2)^2))))) -> 21.679642 | AJ28: SB | AK28: 0 | AL28: 0.5 | AM28: =IF(Abschlüsse[[#This Row],[Ergeb]]="ET","",SQRT(($AF28-$AK28)^2+($AG28-$AL28)^2)) -> 18.560711 | AN28: 0 | AQ28: =IF(AN28=0,"",SQRT(($AF28-$AO28)^2+($AG28-$AP28)^2)) | AR28: 1 | AS28: 1 | AT28: 16.5 | AU28: =IF(AR28=0,"",SQRT(($AF28-$AS28)^2+($AG28-$AT28)^2)) -> 2.5495098
A29: 2 | B29: FCN | C29: =IF($A29="","",IF(VLOOKUP($A29,Spiele!$A$2:$D$16,3,FALSE)=$B29,"H","G")) -> G | D29: =IF($B29="","",IF(VLOOKUP($A29,Spiele!$A$2:$F$16,3,FALSE)=$B29,VLOOKUP($A29,Spiele!$A$2:$F$16,4,FALSE),VLOOKUP($A29,Spiele!$A$2:$F$16,3,FALSE))) -> FCD | E29: =IF(Abschlüsse[[#This Row],[Ergeb]]="ET",0,COUNTIFS($A$2:$A29,$A29,$B$2:$B29,$B29,$L$2:$L29,"<>ET")) -> 1 | F29: 10 | G29: 1 | H29: =COUNTIFS('Rote Karten'!$A$2:$A$4,$A29,'Rote Karten'!$D$2:$D$4,"<>"&$B29,'Rote Karten'!$B$2:$B$4,"<"&$F29,'Rote Karten'!$C$2:$C$4,"<="&$G29)-COUNTIFS('Rote Karten'!$A$2:$A$4,$A29,'Rote Karten'!$D$2:$D$4,$B29,'Rote Karten'!$B$2:$B$4,"<"&$F29,'Rote Karten'!$C$2:$C$4,"<="&$G29) -> 0 | I29: =IF(OR($L29="Tor",$L29="ET"),_xlfn.IFNA(IF(VLOOKUP($A29,Spiele!$A$2:$C$16,3,FALSE)=$B29,COUNTIFS($L$2:$L29,"Tor",$B$2:$B29,$B29,$A$2:$A29,$A29)+COUNTIFS($L$2:$L29,"ET",$B$2:$B29,$B29,$A$2:$A29,$A29)&":"&COUNTIFS($L$2:$L29,"Tor",$B$2:$B29,"<>"&$B29,$A$2:$A29,$A29)+COUNTIFS($L$2:$L29,"ET",$B$2:$B29,"<>"&$B29,$A$2:$A29,$A29),COUNTIFS($L$2:$L29,"Tor",$B$2:$B29,"<>"&$B29,$A$2:$A29,$A29)+COUNTIFS($L$2:$L29,"ET",$B$2:$B29,"<>"&$B29,$A$2:$A29,$A29)&":"&COUNTIFS($L$2:$L29,"Tor",$B$2:$B29,$B29,$A$2:$A29,$A29)+COUNTIFS($L$2:$L29,"ET",$B$2:$B29,$B29,$A$2:$A29,$A29)),""),"") | J29: =_xlfn.IFNA(IF(VLOOKUP($A29,Spiele!$A$2:$D$16,3,FALSE)=$B29,(COUNTIFS($L$1:$L28,"Tor",$B$1:$B28,$B29,$A$1:$A28,$A29)+COUNTIFS($L$1:$L28,"ET",$B$1:$B28,$B29,$A$1:$A28,$A29))-(COUNTIFS($L$1:$L28,"Tor",$B$1:$B28,"<>"&$B29,$A$1:$A28,$A29)+COUNTIFS($L$1:$L28,"ET",$B$1:$B28,"<>"&$B29,$A$1:$A28,$A29)),(COUNTIFS($L$1:$L28,"Tor",$B$1:$B28,$B29,$A$1:$A28,$A29)+COUNTIFS($L$1:$L28,"ET",$B$1:$B28,$B29,$A$1:$A28,$A29))-(COUNTIFS($L$1:$L28,"Tor",$B$1:$B28,"<>"&$B29,$A$1:$A28,$A29)+COUNTIFS($L$1:$L28,"ET",$B$1:$B28,"<>"&$B29,$A$1:$A28,$A29))),"") -> -1 | K29: 2 | L29: Vorbei | M29: EB | N29: QP | O29: 13 | P29: 8 | Q29: 20 | AA29: vB | AB29: L | AC29: Fuß | AD29: adD | AE29: 9 | AF29: -4 | AG29: 6.5 | AH29: =IF($L29="ET","",IF($AF29>3.66,SQRT($AG29^2+($AF29-(7.32/2))^2),IF($AF29<-3.66,SQRT($AG29^2+($AF29+(7.32/2))^2),$AG29))) -> 6.5088862 | AI29: =IF($L29="ET","",IF(DEGREES(ATAN((7.32*$AG29)/($AG29^2+$AF29^2-(7.32/2)^2)))<=0,180+DEGREES(ATAN((7.32*$AG29)/($AG29^2+$AF29^2-(7.32/2)^2))),DEGREES(ATAN((7.32*$AG29)/($AG29^2+$AF29^2-(7.32/2)^2))))) -> 46.688983 | AJ29: SB | AK29: -2 | AL29: 1 | AM29: =IF(Abschlüsse[[#This Row],[Ergeb]]="ET","",SQRT(($AF29-$AK29)^2+($AG29-$AL29)^2)) -> 5.85235 | AN29: 0 | AQ29: =IF(AN29=0,"",SQRT(($AF29-$AO29)^2+($AG29-$AP29)^2)) | AR29: 1 | AS29: -3.5 | AT29: 6 | AU29: =IF(AR29=0,"",SQRT(($AF29-$AS29)^2+($AG29-$AT29)^2)) -> 0.70710678
A30: 2 | B30: FCD | C30: =IF($A30="","",IF(VLOOKUP($A30,Spiele!$A$2:$D$16,3,FALSE)=$B30,"H","G")) -> H | D30: =IF($B30="","",IF(VLOOKUP($A30,Spiele!$A$2:$F$16,3,FALSE)=$B30,VLOOKUP($A30,Spiele!$A$2:$F$16,4,FALSE),VLOOKUP($A30,Spiele!$A$2:$F$16,3,FALSE))) -> FCN | E30: =IF(Abschlüsse[[#This Row],[Ergeb]]="ET",0,COUNTIFS($A$2:$A30,$A30,$B$2:$B30,$B30,$L$2:$L30,"<>ET")) -> 2 | F30: 11 | G30: 1 | H30: =COUNTIFS('Rote Karten'!$A$2:$A$4,$A30,'Rote Karten'!$D$2:$D$4,"<>"&$B30,'Rote Karten'!$B$2:$B$4,"<"&$F30,'Rote Karten'!$C$2:$C$4,"<="&$G30)-COUNTIFS('Rote Karten'!$A$2:$A$4,$A30,'Rote Karten'!$D$2:$D$4,$B30,'Rote Karten'!$B$2:$B$4,"<"&$F30,'Rote Karten'!$C$2:$C$4,"<="&$G30) -> 0 | I30: =IF(OR($L30="Tor",$L30="ET"),_xlfn.IFNA(IF(VLOOKUP($A30,Spiele!$A$2:$C$16,3,FALSE)=$B30,COUNTIFS($L$2:$L30,"Tor",$B$2:$B30,$B30,$A$2:$A30,$A30)+COUNTIFS($L$2:$L30,"ET",$B$2:$B30,$B30,$A$2:$A30,$A30)&":"&COUNTIFS($L$2:$L30,"Tor",$B$2:$B30,"<>"&$B30,$A$2:$A30,$A30)+COUNTIFS($L$2:$L30,"ET",$B$2:$B30,"<>"&$B30,$A$2:$A30,$A30),COUNTIFS($L$2:$L30,"Tor",$B$2:$B30,"<>"&$B30,$A$2:$A30,$A30)+COUNTIFS($L$2:$L30,"ET",$B$2:$B30,"<>"&$B30,$A$2:$A30,$A30)&":"&COUNTIFS($L$2:$L30,"Tor",$B$2:$B30,$B30,$A$2:$A30,$A30)+COUNTIFS($L$2:$L30,"ET",$B$2:$B30,$B30,$A$2:$A30,$A30)),""),"") | J30: =_xlfn.IFNA(IF(VLOOKUP($A30,Spiele!$A$2:$D$16,3,FALSE)=$B30,(COUNTIFS($L$1:$L29,"Tor",$B$1:$B29,$B30,$A$1:$A29,$A30)+COUNTIFS($L$1:$L29,"ET",$B$1:$B29,$B30,$A$1:$A29,$A30))-(COUNTIFS($L$1:$L29,"Tor",$B$1:$B29,"<>"&$B30,$A$1:$A29,$A30)+COUNTIFS($L$1:$L29,"ET",$B$1:$B29,"<>"&$B30,$A$1:$A29,$A30)),(COUNTIFS($L$1:$L29,"Tor",$B$1:$B29,$B30,$A$1:$A29,$A30)+COUNTIFS($L$1:$L29,"ET",$B$1:$B29,$B30,$A$1:$A29,$A30))-(COUNTIFS($L$1:$L29,"Tor",$B$1:$B29,"<>"&$B30,$A$1:$A29,$A30)+COUNTIFS($L$1:$L29,"ET",$B$1:$B29,"<>"&$B30,$A$1:$A29,$A30))),"") -> 1 | K30: 3 | L30: Save | M30: EB | N30: QP | AA30: vB | AB30: L | AC30: Fuß | AD30: BzT | AF30: 1.5 | AG30: 5.5 | AH30: =IF($L30="ET","",IF($AF30>3.66,SQRT($AG30^2+($AF30-(7.32/2))^2),IF($AF30<-3.66,SQRT($AG30^2+($AF30+(7.32/2))^2),$AG30))) -> 5.5 | AI30: =IF($L30="ET","",IF(DEGREES(ATAN((7.32*$AG30)/($AG30^2+$AF30^2-(7.32/2)^2)))<=0,180+DEGREES(ATAN((7.32*$AG30)/($AG30^2+$AF30^2-(7.32/2)^2))),DEGREES(ATAN((7.32*$AG30)/($AG30^2+$AF30^2-(7.32/2)^2))))) -> 64.614464 | AJ30: nSB | AK30: 3.5 | AL30: 0 | AM30: =IF(Abschlüsse[[#This Row],[Ergeb]]="ET","",SQRT(($AF30-$AK30)^2+($AG30-$AL30)^2)) -> 5.85235 | AN30: 1 | AO30: 3 | AP30: 6 | AQ30: =IF(AN30=0,"",SQRT(($AF30-$AO30)^2+($AG30-$AP30)^2)) -> 1.5811388 | AR30: 0 | AU30: =IF(AR30=0,"",SQRT(($AF30-$AS30)^2+($AG30-$AT30)^2))
A31: 2 | B31: FCD | C31: =IF($A31="","",IF(VLOOKUP($A31,Spiele!$A$2:$D$16,3,FALSE)=$B31,"H","G")) -> H | D31: =IF($B31="","",IF(VLOOKUP($A31,Spiele!$A$2:$F$16,3,FALSE)=$B31,VLOOKUP($A31,Spiele!$A$2:$F$16,4,FALSE),VLOOKUP($A31,Spiele!$A$2:$F$16,3,FALSE))) -> FCN | E31: =IF(Abschlüsse[[#This Row],[Ergeb]]="ET",0,COUNTIFS($A$2:$A31,$A31,$B$2:$B31,$B31,$L$2:$L31,"<>ET")) -> 3 | F31: 11 | G31: 1 | H31: =COUNTIFS('Rote Karten'!$A$2:$A$4,$A31,'Rote Karten'!$D$2:$D$4,"<>"&$B31,'Rote Karten'!$B$2:$B$4,"<"&$F31,'Rote Karten'!$C$2:$C$4,"<="&$G31)-COUNTIFS('Rote Karten'!$A$2:$A$4,$A31,'Rote Karten'!$D$2:$D$4,$B31,'Rote Karten'!$B$2:$B$4,"<"&$F31,'Rote Karten'!$C$2:$C$4,"<="&$G31) -> 0 | I31: =IF(OR($L31="Tor",$L31="ET"),_xlfn.IFNA(IF(VLOOKUP($A31,Spiele!$A$2:$C$16,3,FALSE)=$B31,COUNTIFS($L$2:$L31,"Tor",$B$2:$B31,$B31,$A$2:$A31,$A31)+COUNTIFS($L$2:$L31,"ET",$B$2:$B31,$B31,$A$2:$A31,$A31)&":"&COUNTIFS($L$2:$L31,"Tor",$B$2:$B31,"<>"&$B31,$A$2:$A31,$A31)+COUNTIFS($L$2:$L31,"ET",$B$2:$B31,"<>"&$B31,$A$2:$A31,$A31),COUNTIFS($L$2:$L31,"Tor",$B$2:$B31,"<>"&$B31,$A$2:$A31,$A31)+COUNTIFS($L$2:$L31,"ET",$B$2:$B31,"<>"&$B31,$A$2:$A31,$A31)&":"&COUNTIFS($L$2:$L31,"Tor",$B$2:$B31,$B31,$A$2:$A31,$A31)+COUNTIFS($L$2:$L31,"ET",$B$2:$B31,$B31,$A$2:$A31,$A31)),""),"") -> 2:0 | J31: =_xlfn.IFNA(IF(VLOOKUP($A31,Spiele!$A$2:$D$16,3,FALSE)=$B31,(COUNTIFS($L$1:$L30,"Tor",$B$1:$B30,$B31,$A$1:$A30,$A31)+COUNTIFS($L$1:$L30,"ET",$B$1:$B30,$B31,$A$1:$A30,$A31))-(COUNTIFS($L$1:$L30,"Tor",$B$1:$B30,"<>"&$B31,$A$1:$A30,$A31)+COUNTIFS($L$1:$L30,"ET",$B$1:$B30,"<>"&$B31,$A$1:$A30,$A31)),(COUNTIFS($L$1:$L30,"Tor",$B$1:$B30,$B31,$A$1:$A30,$A31)+COUNTIFS($L$1:$L30,"ET",$B$1:$B30,$B31,$A$1:$A30,$A31))-(COUNTIFS($L$1:$L30,"Tor",$B$1:$B30,"<>"&$B31,$A$1:$A30,$A31)+COUNTIFS($L$1:$L30,"ET",$B$1:$B30,"<>"&$B31,$A$1:$A30,$A31))),"") -> 1 | K31: 3 | L31: Tor | M31: EB | N31: NS | AA31: As | AB31: R | AC31: Son | AD31: BzT | AF31: 1 | AG31: 1.5 | AH31: =IF($L31="ET","",IF($AF31>3.66,SQRT($AG31^2+($AF31-(7.32/2))^2),IF($AF31<-3.66,SQRT($AG31^2+($AF31+(7.32/2))^2),$AG31))) -> 1.5 | AI31: =IF($L31="ET","",IF(DEGREES(ATAN((7.32*$AG31)/($AG31^2+$AF31^2-(7.32/2)^2)))<=0,180+DEGREES(ATAN((7.32*$AG31)/($AG31^2+$AF31^2-(7.32/2)^2))),DEGREES(ATAN((7.32*$AG31)/($AG31^2+$AF31^2-(7.32/2)^2))))) -> 132.73816 | AJ31: nSB | AK31: 1.5 | AL31: 0.5 | AM31: =IF(Abschlüsse[[#This Row],[Ergeb]]="ET","",SQRT(($AF31-$AK31)^2+($AG31-$AL31)^2)) -> 1.118034 | AN31: 0 | AQ31: =IF(AN31=0,"",SQRT(($AF31-$AO31)^2+($AG31-$AP31)^2)) | AR31: 0 | AU31: =IF(AR31=0,"",SQRT(($AF31-$AS31)^2+($AG31-$AT31)^2))
A32: 2 | B32: FCN | C32: =IF($A32="","",IF(VLOOKUP($A32,Spiele!$A$2:$D$16,3,FALSE)=$B32,"H","G")) -> G | D32: =IF($B32="","",IF(VLOOKUP($A32,Spiele!$A$2:$F$16,3,FALSE)=$B32,VLOOKUP($A32,Spiele!$A$2:$F$16,4,FALSE),VLOOKUP($A32,Spiele!$A$2:$F$16,3,FALSE))) -> FCD | E32: =IF(Abschlüsse[[#This Row],[Ergeb]]="ET",0,COUNTIFS($A$2:$A32,$A32,$B$2:$B32,$B32,$L$2:$L32,"<>ET")) -> 2 | F32: 13 | G32: 1 | H32: =COUNTIFS('Rote Karten'!$A$2:$A$4,$A32,'Rote Karten'!$D$2:$D$4,"<>"&$B32,'Rote Karten'!$B$2:$B$4,"<"&$F32,'Rote Karten'!$C$2:$C$4,"<="&$G32)-COUNTIFS('Rote Karten'!$A$2:$A$4,$A32,'Rote Karten'!$D$2:$D$4,$B32,'Rote Karten'!$B$2:$B$4,"<"&$F32,'Rote Karten'!$C$2:$C$4,"<="&$G32) -> 0 | I32: =IF(OR($L32="Tor",$L32="ET"),_xlfn.IFNA(IF(VLOOKUP($A32,Spiele!$A$2:$C$16,3,FALSE)=$B32,COUNTIFS($L$2:$L32,"Tor",$B$2:$B32,$B32,$A$2:$A32,$A32)+COUNTIFS($L$2:$L32,"ET",$B$2:$B32,$B32,$A$2:$A32,$A32)&":"&COUNTIFS($L$2:$L32,"Tor",$B$2:$B32,"<>"&$B32,$A$2:$A32,$A32)+COUNTIFS($L$2:$L32,"ET",$B$2:$B32,"<>"&$B32,$A$2:$A32,$A32),COUNTIFS($L$2:$L32,"Tor",$B$2:$B32,"<>"&$B32,$A$2:$A32,$A32)+COUNTIFS($L$2:$L32,"ET",$B$2:$B32,"<>"&$B32,$A$2:$A32,$A32)&":"&COUNTIFS($L$2:$L32,"Tor",$B$2:$B32,$B32,$A$2:$A32,$A32)+COUNTIFS($L$2:$L32,"ET",$B$2:$B32,$B32,$A$2:$A32,$A32)),""),"") | J32: =_xlfn.IFNA(IF(VLOOKUP($A32,Spiele!$A$2:$D$16,3,FALSE)=$B32,(COUNTIFS($L$1:$L31,"Tor",$B$1:$B31,$B32,$A$1:$A31,$A32)+COUNTIFS($L$1:$L31,"ET",$B$1:$B31,$B32,$A$1:$A31,$A32))-(COUNTIFS($L$1:$L31,"Tor",$B$1:$B31,"<>"&$B32,$A$1:$A31,$A32)+COUNTIFS($L$1:$L31,"ET",$B$1:$B31,"<>"&$B32,$A$1:$A31,$A32)),(COUNTIFS($L$1:$L31,"Tor",$B$1:$B31,$B32,$A$1:$A31,$A32)+COUNTIFS($L$1:$L31,"ET",$B$1:$B31,$B32,$A$1:$A31,$A32))-(COUNTIFS($L$1:$L31,"Tor",$B$1:$B31,"<>"&$B32,$A$1:$A31,$A32)+COUNTIFS($L$1:$L31,"ET",$B$1:$B31,"<>"&$B32,$A$1:$A31,$A32))),"") -> -2 | K32: 4 | L32: Vorbei | M32: E | N32: E | O32: 8 | AA32: adL | AB32: K | AC32: Kopf | AD32: RzT | AE32: 7 | AF32: -8.5 | AG32: 5 | AH32: =IF($L32="ET","",IF($AF32>3.66,SQRT($AG32^2+($AF32-(7.32/2))^2),IF($AF32<-3.66,SQRT($AG32^2+($AF32+(7.32/2))^2),$AG32))) -> 6.9588505 | AI32: =IF($L32="ET","",IF(DEGREES(ATAN((7.32*$AG32)/($AG32^2+$AF32^2-(7.32/2)^2)))<=0,180+DEGREES(ATAN((7.32*$AG32)/($AG32^2+$AF32^2-(7.32/2)^2))),DEGREES(ATAN((7.32*$AG32)/($AG32^2+$AF32^2-(7.32/2)^2))))) -> 23.579866 | AJ32: SB | AK32: -1.5 | AL32: 0.5 | AM32: =IF(Abschlüsse[[#This Row],[Ergeb]]="ET","",SQRT(($AF32-$AK32)^2+($AG32-$AL32)^2)) -> 8.3216585 | AN32: 1 | AO32: -5.5 | AP32: 5 | AQ32: =IF(AN32=0,"",SQRT(($AF32-$AO32)^2+($AG32-$AP32)^2)) -> 3 | AR32: 1 | AS32: -6.5 | AT32: 3.5 | AU32: =IF(AR32=0,"",SQRT(($AF32-$AS32)^2+($AG32-$AT32)^2)) -> 2.5
A33: 2 | B33: FCN | C33: =IF($A33="","",IF(VLOOKUP($A33,Spiele!$A$2:$D$16,3,FALSE)=$B33,"H","G")) -> G | D33: =IF($B33="","",IF(VLOOKUP($A33,Spiele!$A$2:$F$16,3,FALSE)=$B33,VLOOKUP($A33,Spiele!$A$2:$F$16,4,FALSE),VLOOKUP($A33,Spiele!$A$2:$F$16,3,FALSE))) -> FCD | E33: =IF(Abschlüsse[[#This Row],[Ergeb]]="ET",0,COUNTIFS($A$2:$A33,$A33,$B$2:$B33,$B33,$L$2:$L33,"<>ET")) -> 3 | F33: 16 | G33: 1 | H33: =COUNTIFS('Rote Karten'!$A$2:$A$4,$A33,'Rote Karten'!$D$2:$D$4,"<>"&$B33,'Rote Karten'!$B$2:$B$4,"<"&$F33,'Rote Karten'!$C$2:$C$4,"<="&$G33)-COUNTIFS('Rote Karten'!$A$2:$A$4,$A33,'Rote Karten'!$D$2:$D$4,$B33,'Rote Karten'!$B$2:$B$4,"<"&$F33,'Rote Karten'!$C$2:$C$4,"<="&$G33) -> 0 | I33: =IF(OR($L33="Tor",$L33="ET"),_xlfn.IFNA(IF(VLOOKUP($A33,Spiele!$A$2:$C$16,3,FALSE)=$B33,COUNTIFS($L$2:$L33,"Tor",$B$2:$B33,$B33,$A$2:$A33,$A33)+COUNTIFS($L$2:$L33,"ET",$B$2:$B33,$B33,$A$2:$A33,$A33)&":"&COUNTIFS($L$2:$L33,"Tor",$B$2:$B33,"<>"&$B33,$A$2:$A33,$A33)+COUNTIFS($L$2:$L33,"ET",$B$2:$B33,"<>"&$B33,$A$2:$A33,$A33),COUNTIFS($L$2:$L33,"Tor",$B$2:$B33,"<>"&$B33,$A$2:$A33,$A33)+COUNTIFS($L$2:$L33,"ET",$B$2:$B33,"<>"&$B33,$A$2:$A33,$A33)&":"&COUNTIFS($L$2:$L33,"Tor",$B$2:$B33,$B33,$A$2:$A33,$A33)+COUNTIFS($L$2:$L33,"ET",$B$2:$B33,$B33,$A$2:$A33,$A33)),""),"") | J33: =_xlfn.IFNA(IF(VLOOKUP($A33,Spiele!$A$2:$D$16,3,FALSE)=$B33,(COUNTIFS($L$1:$L32,"Tor",$B$1:$B32,$B33,$A$1:$A32,$A33)+COUNTIFS($L$1:$L32,"ET",$B$1:$B32,$B33,$A$1:$A32,$A33))-(COUNTIFS($L$1:$L32,"Tor",$B$1:$B32,"<>"&$B33,$A$1:$A32,$A33)+COUNTIFS($L$1:$L32,"ET",$B$1:$B32,"<>"&$B33,$A$1:$A32,$A33)),(COUNTIFS($L$1:$L32,"Tor",$B$1:$B32,$B33,$A$1:$A32,$A33)+COUNTIFS($L$1:$L32,"ET",$B$1:$B32,$B33,$A$1:$A32,$A33))-(COUNTIFS($L$1:$L32,"Tor",$B$1:$B32,"<>"&$B33,$A$1:$A32,$A33)+COUNTIFS($L$1:$L32,"ET",$B$1:$B32,"<>"&$B33,$A$1:$A32,$A33))),"") -> -2 | K33: 5 | L33: Vorbei | M33: EW | N33: RP | O33: 27 | P33: 13 | AA33: adL | AB33: R | AC33: Son | AD33: adD | AE33: 9 | AF33: -12.5 | AG33: 7.5 | AH33: =IF($L33="ET","",IF($AF33>3.66,SQRT($AG33^2+($AF33-(7.32/2))^2),IF($AF33<-3.66,SQRT($AG33^2+($AF33+(7.32/2))^2),$AG33))) -> 11.592912 | AI33: =IF($L33="ET","",IF(DEGREES(ATAN((7.32*$AG33)/($AG33^2+$AF33^2-(7.32/2)^2)))<=0,180+DEGREES(ATAN((7.32*$AG33)/($AG33^2+$AF33^2-(7.32/2)^2))),DEGREES(ATAN((7.32*$AG33)/($AG33^2+$AF33^2-(7.32/2)^2))))) -> 15.415382 | AJ33: SB | AK33: -2.5 | AL33: 1 | AM33: =IF(Abschlüsse[[#This Row],[Ergeb]]="ET","",SQRT(($AF33-$AK33)^2+($AG33-$AL33)^2)) -> 11.92686 | AN33: 2 | AO33: -12 | AP33: 5.5 | AQ33: =IF(AN33=0,"",SQRT(($AF33-$AO33)^2+($AG33-$AP33)^2)) -> 2.0615528 | AR33: 2 | AS33: -9 | AT33: 5 | AU33: =IF(AR33=0,"",SQRT(($AF33-$AS33)^2+($AG33-$AT33)^2)) -> 4.3011626
A34: 2 | B34: FCN | C34: =IF($A34="","",IF(VLOOKUP($A34,Spiele!$A$2:$D$16,3,FALSE)=$B34,"H","G")) -> G | D34: =IF($B34="","",IF(VLOOKUP($A34,Spiele!$A$2:$F$16,3,FALSE)=$B34,VLOOKUP($A34,Spiele!$A$2:$F$16,4,FALSE),VLOOKUP($A34,Spiele!$A$2:$F$16,3,FALSE))) -> FCD | E34: =IF(Abschlüsse[[#This Row],[Ergeb]]="ET",0,COUNTIFS($A$2:$A34,$A34,$B$2:$B34,$B34,$L$2:$L34,"<>ET")) -> 4 | F34: 26 | G34: 1 | H34: =COUNTIFS('Rote Karten'!$A$2:$A$4,$A34,'Rote Karten'!$D$2:$D$4,"<>"&$B34,'Rote Karten'!$B$2:$B$4,"<"&$F34,'Rote Karten'!$C$2:$C$4,"<="&$G34)-COUNTIFS('Rote Karten'!$A$2:$A$4,$A34,'Rote Karten'!$D$2:$D$4,$B34,'Rote Karten'!$B$2:$B$4,"<"&$F34,'Rote Karten'!$C$2:$C$4,"<="&$G34) -> 0 | I34: =IF(OR($L34="Tor",$L34="ET"),_xlfn.IFNA(IF(VLOOKUP($A34,Spiele!$A$2:$C$16,3,FALSE)=$B34,COUNTIFS($L$2:$L34,"Tor",$B$2:$B34,$B34,$A$2:$A34,$A34)+COUNTIFS($L$2:$L34,"ET",$B$2:$B34,$B34,$A$2:$A34,$A34)&":"&COUNTIFS($L$2:$L34,"Tor",$B$2:$B34,"<>"&$B34,$A$2:$A34,$A34)+COUNTIFS($L$2:$L34,"ET",$B$2:$B34,"<>"&$B34,$A$2:$A34,$A34),COUNTIFS($L$2:$L34,"Tor",$B$2:$B34,"<>"&$B34,$A$2:$A34,$A34)+COUNTIFS($L$2:$L34,"ET",$B$2:$B34,"<>"&$B34,$A$2:$A34,$A34)&":"&COUNTIFS($L$2:$L34,"Tor",$B$2:$B34,$B34,$A$2:$A34,$A34)+COUNTIFS($L$2:$L34,"ET",$B$2:$B34,$B34,$A$2:$A34,$A34)),""),"") | J34: =_xlfn.IFNA(IF(VLOOKUP($A34,Spiele!$A$2:$D$16,3,FALSE)=$B34,(COUNTIFS($L$1:$L33,"Tor",$B$1:$B33,$B34,$A$1:$A33,$A34)+COUNTIFS($L$1:$L33,"ET",$B$1:$B33,$B34,$A$1:$A33,$A34))-(COUNTIFS($L$1:$L33,"Tor",$B$1:$B33,"<>"&$B34,$A$1:$A33,$A34)+COUNTIFS($L$1:$L33,"ET",$B$1:$B33,"<>"&$B34,$A$1:$A33,$A34)),(COUNTIFS($L$1:$L33,"Tor",$B$1:$B33,$B34,$A$1:$A33,$A34)+COUNTIFS($L$1:$L33,"ET",$B$1:$B33,$B34,$A$1:$A33,$A34))-(COUNTIFS($L$1:$L33,"Tor",$B$1:$B33,"<>"&$B34,$A$1:$A33,$A34)+COUNTIFS($L$1:$L33,"ET",$B$1:$B33,"<>"&$B34,$A$1:$A33,$A34))),"") -> -2 | K34: 6 | L34: Save | M34: FSS | AA34: vB | AB34: R | AC34: Fuß | AD34: BzT | AE34: 8 | AF34: -7.5 | AG34: 27 | AH34: =IF($L34="ET","",IF($AF34>3.66,SQRT($AG34^2+($AF34-(7.32/2))^2),IF($AF34<-3.66,SQRT($AG34^2+($AF34+(7.32/2))^2),$AG34))) -> 27.2717 | AI34: =IF($L34="ET","",IF(DEGREES(ATAN((7.32*$AG34)/($AG34^2+$AF34^2-(7.32/2)^2)))<=0,180+DEGREES(ATAN((7.32*$AG34)/($AG34^2+$AF34^2-(7.32/2)^2))),DEGREES(ATAN((7.32*$AG34)/($AG34^2+$AF34^2-(7.32/2)^2))))) -> 14.362491 | AJ34: SB | AK34: 1 | AL34: 1.5 | AM34: =IF(Abschlüsse[[#This Row],[Ergeb]]="ET","",SQRT(($AF34-$AK34)^2+($AG34-$AL34)^2)) -> 26.87936 | AN34: 0 | AQ34: =IF(AN34=0,"",SQRT(($AF34-$AO34)^2+($AG34-$AP34)^2)) | AR34: 3 | AS34: -6 | AT34: 19 | AU34: =IF(AR34=0,"",SQRT(($AF34-$AS34)^2+($AG34-$AT34)^2)) -> 8.1394103
A35: 2 | B35: FCN | C35: =IF($A35="","",IF(VLOOKUP($A35,Spiele!$A$2:$D$16,3,FALSE)=$B35,"H","G")) -> G | D35: =IF($B35="","",IF(VLOOKUP($A35,Spiele!$A$2:$F$16,3,FALSE)=$B35,VLOOKUP($A35,Spiele!$A$2:$F$16,4,FALSE),VLOOKUP($A35,Spiele!$A$2:$F$16,3,FALSE))) -> FCD | E35: =IF(Abschlüsse[[#This Row],[Ergeb]]="ET",0,COUNTIFS($A$2:$A35,$A35,$B$2:$B35,$B35,$L$2:$L35,"<>ET")) -> 5 | F35: 37 | G35: 1 | H35: =COUNTIFS('Rote Karten'!$A$2:$A$4,$A35,'Rote Karten'!$D$2:$D$4,"<>"&$B35,'Rote Karten'!$B$2:$B$4,"<"&$F35,'Rote Karten'!$C$2:$C$4,"<="&$G35)-COUNTIFS('Rote Karten'!$A$2:$A$4,$A35,'Rote Karten'!$D$2:$D$4,$B35,'Rote Karten'!$B$2:$B$4,"<"&$F35,'Rote Karten'!$C$2:$C$4,"<="&$G35) -> 0 | I35: =IF(OR($L35="Tor",$L35="ET"),_xlfn.IFNA(IF(VLOOKUP($A35,Spiele!$A$2:$C$16,3,FALSE)=$B35,COUNTIFS($L$2:$L35,"Tor",$B$2:$B35,$B35,$A$2:$A35,$A35)+COUNTIFS($L$2:$L35,"ET",$B$2:$B35,$B35,$A$2:$A35,$A35)&":"&COUNTIFS($L$2:$L35,"Tor",$B$2:$B35,"<>"&$B35,$A$2:$A35,$A35)+COUNTIFS($L$2:$L35,"ET",$B$2:$B35,"<>"&$B35,$A$2:$A35,$A35),COUNTIFS($L$2:$L35,"Tor",$B$2:$B35,"<>"&$B35,$A$2:$A35,$A35)+COUNTIFS($L$2:$L35,"ET",$B$2:$B35,"<>"&$B35,$A$2:$A35,$A35)&":"&COUNTIFS($L$2:$L35,"Tor",$B$2:$B35,$B35,$A$2:$A35,$A35)+COUNTIFS($L$2:$L35,"ET",$B$2:$B35,$B35,$A$2:$A35,$A35)),""),"") | J35: =_xlfn.IFNA(IF(VLOOKUP($A35,Spiele!$A$2:$D$16,3,FALSE)=$B35,(COUNTIFS($L$1:$L34,"Tor",$B$1:$B34,$B35,$A$1:$A34,$A35)+COUNTIFS($L$1:$L34,"ET",$B$1:$B34,$B35,$A$1:$A34,$A35))-(COUNTIFS($L$1:$L34,"Tor",$B$1:$B34,"<>"&$B35,$A$1:$A34,$A35)+COUNTIFS($L$1:$L34,"ET",$B$1:$B34,"<>"&$B35,$A$1:$A34,$A35)),(COUNTIFS($L$1:$L34,"Tor",$B$1:$B34,$B35,$A$1:$A34,$A35)+COUNTIFS($L$1:$L34,"ET",$B$1:$B34,$B35,$A$1:$A34,$A35))-(COUNTIFS($L$1:$L34,"Tor",$B$1:$B34,"<>"&$B35,$A$1:$A34,$A35)+COUNTIFS($L$1:$L34,"ET",$B$1:$B34,"<>"&$B35,$A$1:$A34,$A35))),"") -> -2 | K35: 7 | L35: Block | M35: FSS | AA35: vB | AB35: R | AC35: Fuß | AD35: BzT | AE35: 8 | AF35: -2 | AG35: 20 | AH35: =IF($L35="ET","",IF($AF35>3.66,SQRT($AG35^2+($AF35-(7.32/2))^2),IF($AF35<-3.66,SQRT($AG35^2+($AF35+(7.32/2))^2),$AG35))) -> 20 | AI35: =IF($L35="ET","",IF(DEGREES(ATAN((7.32*$AG35)/($AG35^2+$AF35^2-(7.32/2)^2)))<=0,180+DEGREES(ATAN((7.32*$AG35)/($AG35^2+$AF35^2-(7.32/2)^2))),DEGREES(ATAN((7.32*$AG35)/($AG35^2+$AF35^2-(7.32/2)^2))))) -> 20.546187 | AJ35: SB | AK35: 1 | AL35: 1 | AM35: =IF(Abschlüsse[[#This Row],[Ergeb]]="ET","",SQRT(($AF35-$AK35)^2+($AG35-$AL35)^2)) -> 19.235384 | AN35: 0 | AQ35: =IF(AN35=0,"",SQRT(($AF35-$AO35)^2+($AG35-$AP35)^2)) | AR35: 5 | AS35: -2 | AT35: 13 | AU35: =IF(AR35=0,"",SQRT(($AF35-$AS35)^2+($AG35-$AT35)^2)) -> 7
A36: 2 | B36: FCD | C36: =IF($A36="","",IF(VLOOKUP($A36,Spiele!$A$2:$D$16,3,FALSE)=$B36,"H","G")) -> H | D36: =IF($B36="","",IF(VLOOKUP($A36,Spiele!$A$2:$F$16,3,FALSE)=$B36,VLOOKUP($A36,Spiele!$A$2:$F$16,4,FALSE),VLOOKUP($A36,Spiele!$A$2:$F$16,3,FALSE))) -> FCN | E36: =IF(Abschlüsse[[#This Row],[Ergeb]]="ET",0,COUNTIFS($A$2:$A36,$A36,$B$2:$B36,$B36,$L$2:$L36,"<>ET")) -> 4 | F36: 43 | G36: 2 | H36: =COUNTIFS('Rote Karten'!$A$2:$A$4,$A36,'Rote Karten'!$D$2:$D$4,"<>"&$B36,'Rote Karten'!$B$2:$B$4,"<"&$F36,'Rote Karten'!$C$2:$C$4,"<="&$G36)-COUNTIFS('Rote Karten'!$A$2:$A$4,$A36,'Rote Karten'!$D$2:$D$4,$B36,'Rote Karten'!$B$2:$B$4,"<"&$F36,'Rote Karten'!$C$2:$C$4,"<="&$G36) -> 0 | I36: =IF(OR($L36="Tor",$L36="ET"),_xlfn.IFNA(IF(VLOOKUP($A36,Spiele!$A$2:$C$16,3,FALSE)=$B36,COUNTIFS($L$2:$L36,"Tor",$B$2:$B36,$B36,$A$2:$A36,$A36)+COUNTIFS($L$2:$L36,"ET",$B$2:$B36,$B36,$A$2:$A36,$A36)&":"&COUNTIFS($L$2:$L36,"Tor",$B$2:$B36,"<>"&$B36,$A$2:$A36,$A36)+COUNTIFS($L$2:$L36,"ET",$B$2:$B36,"<>"&$B36,$A$2:$A36,$A36),COUNTIFS($L$2:$L36,"Tor",$B$2:$B36,"<>"&$B36,$A$2:$A36,$A36)+COUNTIFS($L$2:$L36,"ET",$B$2:$B36,"<>"&$B36,$A$2:$A36,$A36)&":"&COUNTIFS($L$2:$L36,"Tor",$B$2:$B36,$B36,$A$2:$A36,$A36)+COUNTIFS($L$2:$L36,"ET",$B$2:$B36,$B36,$A$2:$A36,$A36)),""),"") | J36: =_xlfn.IFNA(IF(VLOOKUP($A36,Spiele!$A$2:$D$16,3,FALSE)=$B36,(COUNTIFS($L$1:$L35,"Tor",$B$1:$B35,$B36,$A$1:$A35,$A36)+COUNTIFS($L$1:$L35,"ET",$B$1:$B35,$B36,$A$1:$A35,$A36))-(COUNTIFS($L$1:$L35,"Tor",$B$1:$B35,"<>"&$B36,$A$1:$A35,$A36)+COUNTIFS($L$1:$L35,"ET",$B$1:$B35,"<>"&$B36,$A$1:$A35,$A36)),(COUNTIFS($L$1:$L35,"Tor",$B$1:$B35,$B36,$A$1:$A35,$A36)+COUNTIFS($L$1:$L35,"ET",$B$1:$B35,$B36,$A$1:$A35,$A36))-(COUNTIFS($L$1:$L35,"Tor",$B$1:$B35,"<>"&$B36,$A$1:$A35,$A36)+COUNTIFS($L$1:$L35,"ET",$B$1:$B35,"<>"&$B36,$A$1:$A35,$A36))),"") -> 2 | K36: 8 | L36: Vorbei | M36: USO | N36: GF | AA36: As | AB36: R | AC36: Son | AD36: adD | AF36: -12.5 | AG36: 17.5 | AH36: =IF($L36="ET","",IF($AF36>3.66,SQRT($AG36^2+($AF36-(7.32/2))^2),IF($AF36<-3.66,SQRT($AG36^2+($AF36+(7.32/2))^2),$AG36))) -> 19.606009 | AI36: =IF($L36="ET","",IF(DEGREES(ATAN((7.32*$AG36)/($AG36^2+$AF36^2-(7.32/2)^2)))<=0,180+DEGREES(ATAN((7.32*$AG36)/($AG36^2+$AF36^2-(7.32/2)^2))),DEGREES(ATAN((7.32*$AG36)/($AG36^2+$AF36^2-(7.32/2)^2))))) -> 15.91997 | AJ36: SB | AK36: -1.5 | AL36: 2 | AM36: =IF(Abschlüsse[[#This Row],[Ergeb]]="ET","",SQRT(($AF36-$AK36)^2+($AG36-$AL36)^2)) -> 19.006578 | AN36: 0 | AQ36: =IF(AN36=0,"",SQRT(($AF36-$AO36)^2+($AG36-$AP36)^2)) | AR36: 1 | AS36: -11.5 | AT36: 15.5 | AU36: =IF(AR36=0,"",SQRT(($AF36-$AS36)^2+($AG36-$AT36)^2)) -> 2.236068
A37: 2 | B37: FCD | C37: =IF($A37="","",IF(VLOOKUP($A37,Spiele!$A$2:$D$16,3,FALSE)=$B37,"H","G")) -> H | D37: =IF($B37="","",IF(VLOOKUP($A37,Spiele!$A$2:$F$16,3,FALSE)=$B37,VLOOKUP($A37,Spiele!$A$2:$F$16,4,FALSE),VLOOKUP($A37,Spiele!$A$2:$F$16,3,FALSE))) -> FCN | E37: =IF(Abschlüsse[[#This Row],[Ergeb]]="ET",0,COUNTIFS($A$2:$A37,$A37,$B$2:$B37,$B37,$L$2:$L37,"<>ET")) -> 5 | F37: 47 | G37: 2 | H37: =COUNTIFS('Rote Karten'!$A$2:$A$4,$A37,'Rote Karten'!$D$2:$D$4,"<>"&$B37,'Rote Karten'!$B$2:$B$4,"<"&$F37,'Rote Karten'!$C$2:$C$4,"<="&$G37)-COUNTIFS('Rote Karten'!$A$2:$A$4,$A37,'Rote Karten'!$D$2:$D$4,$B37,'Rote Karten'!$B$2:$B$4,"<"&$F37,'Rote Karten'!$C$2:$C$4,"<="&$G37) -> 0 | I37: =IF(OR($L37="Tor",$L37="ET"),_xlfn.IFNA(IF(VLOOKUP($A37,Spiele!$A$2:$C$16,3,FALSE)=$B37,COUNTIFS($L$2:$L37,"Tor",$B$2:$B37,$B37,$A$2:$A37,$A37)+COUNTIFS($L$2:$L37,"ET",$B$2:$B37,$B37,$A$2:$A37,$A37)&":"&COUNTIFS($L$2:$L37,"Tor",$B$2:$B37,"<>"&$B37,$A$2:$A37,$A37)+COUNTIFS($L$2:$L37,"ET",$B$2:$B37,"<>"&$B37,$A$2:$A37,$A37),COUNTIFS($L$2:$L37,"Tor",$B$2:$B37,"<>"&$B37,$A$2:$A37,$A37)+COUNTIFS($L$2:$L37,"ET",$B$2:$B37,"<>"&$B37,$A$2:$A37,$A37)&":"&COUNTIFS($L$2:$L37,"Tor",$B$2:$B37,$B37,$A$2:$A37,$A37)+COUNTIFS($L$2:$L37,"ET",$B$2:$B37,$B37,$A$2:$A37,$A37)),""),"") | J37: =_xlfn.IFNA(IF(VLOOKUP($A37,Spiele!$A$2:$D$16,3,FALSE)=$B37,(COUNTIFS($L$1:$L36,"Tor",$B$1:$B36,$B37,$A$1:$A36,$A37)+COUNTIFS($L$1:$L36,"ET",$B$1:$B36,$B37,$A$1:$A36,$A37))-(COUNTIFS($L$1:$L36,"Tor",$B$1:$B36,"<>"&$B37,$A$1:$A36,$A37)+COUNTIFS($L$1:$L36,"ET",$B$1:$B36,"<>"&$B37,$A$1:$A36,$A37)),(COUNTIFS($L$1:$L36,"Tor",$B$1:$B36,$B37,$A$1:$A36,$A37)+COUNTIFS($L$1:$L36,"ET",$B$1:$B36,$B37,$A$1:$A36,$A37))-(COUNTIFS($L$1:$L36,"Tor",$B$1:$B36,"<>"&$B37,$A$1:$A36,$A37)+COUNTIFS($L$1:$L36,"ET",$B$1:$B36,"<>"&$B37,$A$1:$A36,$A37))),"") -> 2 | K37: 9 | L37: Vorbei | M37: E | N37: E | AA37: As | AB37: R | AC37: Son | AD37: RzT | AF37: 5 | AG37: 8 | AH37: =IF($L37="ET","",IF($AF37>3.66,SQRT($AG37^2+($AF37-(7.32/2))^2),IF($AF37<-3.66,SQRT($AG37^2+($AF37+(7.32/2))^2),$AG37))) -> 8.1114487 | AI37: =IF($L37="ET","",IF(DEGREES(ATAN((7.32*$AG37)/($AG37^2+$AF37^2-(7.32/2)^2)))<=0,180+DEGREES(ATAN((7.32*$AG37)/($AG37^2+$AF37^2-(7.32/2)^2))),DEGREES(ATAN((7.32*$AG37)/($AG37^2+$AF37^2-(7.32/2)^2))))) -> 37.759863 | AJ37: SB | AK37: 1.5 | AL37: 1 | AM37: =IF(Abschlüsse[[#This Row],[Ergeb]]="ET","",SQRT(($AF37-$AK37)^2+($AG37-$AL37)^2)) -> 7.8262379 | AN37: 0 | AQ37: =IF(AN37=0,"",SQRT(($AF37-$AO37)^2+($AG37-$AP37)^2)) | AR37: 3 | AS37: 3 | AT37: 6.5 | AU37: =IF(AR37=0,"",SQRT(($AF37-$AS37)^2+($AG37-$AT37)^2)) -> 2.5
A38: 2 | B38: FCN | C38: =IF($A38="","",IF(VLOOKUP($A38,Spiele!$A$2:$D$16,3,FALSE)=$B38,"H","G")) -> G | D38: =IF($B38="","",IF(VLOOKUP($A38,Spiele!$A$2:$F$16,3,FALSE)=$B38,VLOOKUP($A38,Spiele!$A$2:$F$16,4,FALSE),VLOOKUP($A38,Spiele!$A$2:$F$16,3,FALSE))) -> FCD | E38: =IF(Abschlüsse[[#This Row],[Ergeb]]="ET",0,COUNTIFS($A$2:$A38,$A38,$B$2:$B38,$B38,$L$2:$L38,"<>ET")) -> 6 | F38: 57 | G38: 2 | H38: =COUNTIFS('Rote Karten'!$A$2:$A$4,$A38,'Rote Karten'!$D$2:$D$4,"<>"&$B38,'Rote Karten'!$B$2:$B$4,"<"&$F38,'Rote Karten'!$C$2:$C$4,"<="&$G38)-COUNTIFS('Rote Karten'!$A$2:$A$4,$A38,'Rote Karten'!$D$2:$D$4,$B38,'Rote Karten'!$B$2:$B$4,"<"&$F38,'Rote Karten'!$C$2:$C$4,"<="&$G38) -> 0 | I38: =IF(OR($L38="Tor",$L38="ET"),_xlfn.IFNA(IF(VLOOKUP($A38,Spiele!$A$2:$C$16,3,FALSE)=$B38,COUNTIFS($L$2:$L38,"Tor",$B$2:$B38,$B38,$A$2:$A38,$A38)+COUNTIFS($L$2:$L38,"ET",$B$2:$B38,$B38,$A$2:$A38,$A38)&":"&COUNTIFS($L$2:$L38,"Tor",$B$2:$B38,"<>"&$B38,$A$2:$A38,$A38)+COUNTIFS($L$2:$L38,"ET",$B$2:$B38,"<>"&$B38,$A$2:$A38,$A38),COUNTIFS($L$2:$L38,"Tor",$B$2:$B38,"<>"&$B38,$A$2:$A38,$A38)+COUNTIFS($L$2:$L38,"ET",$B$2:$B38,"<>"&$B38,$A$2:$A38,$A38)&":"&COUNTIFS($L$2:$L38,"Tor",$B$2:$B38,$B38,$A$2:$A38,$A38)+COUNTIFS($L$2:$L38,"ET",$B$2:$B38,$B38,$A$2:$A38,$A38)),""),"") -> 2:1 | J38: =_xlfn.IFNA(IF(VLOOKUP($A38,Spiele!$A$2:$D$16,3,FALSE)=$B38,(COUNTIFS($L$1:$L37,"Tor",$B$1:$B37,$B38,$A$1:$A37,$A38)+COUNTIFS($L$1:$L37,"ET",$B$1:$B37,$B38,$A$1:$A37,$A38))-(COUNTIFS($L$1:$L37,"Tor",$B$1:$B37,"<>"&$B38,$A$1:$A37,$A38)+COUNTIFS($L$1:$L37,"ET",$B$1:$B37,"<>"&$B38,$A$1:$A37,$A38)),(COUNTIFS($L$1:$L37,"Tor",$B$1:$B37,$B38,$A$1:$A37,$A38)+COUNTIFS($L$1:$L37,"ET",$B$1:$B37,$B38,$A$1:$A37,$A38))-(COUNTIFS($L$1:$L37,"Tor",$B$1:$B37,"<>"&$B38,$A$1:$A37,$A38)+COUNTIFS($L$1:$L37,"ET",$B$1:$B37,"<>"&$B38,$A$1:$A37,$A38))),"") -> -2 | K38: 10 | L38: Tor | M38: USO | N38: TB | O38: 27 | P38: 8 | Q38: 5 | AA38: nd | AB38: L | AC38: Son | AD38: adD | AE38: 9 | AF38: -16 | AG38: 6 | AH38: =IF($L38="ET","",IF($AF38>3.66,SQRT($AG38^2+($AF38-(7.32/2))^2),IF($AF38<-3.66,SQRT($AG38^2+($AF38+(7.32/2))^2),$AG38))) -> 13.721356 | AI38: =IF($L38="ET","",IF(DEGREES(ATAN((7.32*$AG38)/($AG38^2+$AF38^2-(7.32/2)^2)))<=0,180+DEGREES(ATAN((7.32*$AG38)/($AG38^2+$AF38^2-(7.32/2)^2))),DEGREES(ATAN((7.32*$AG38)/($AG38^2+$AF38^2-(7.32/2)^2))))) -> 8.9585467 | AJ38: niT | AM38: =IF(Abschlüsse[[#This Row],[Ergeb]]="ET","",SQRT(($AF38-$AK38)^2+($AG38-$AL38)^2)) -> 17.088007 | AN38: 0 | AQ38: =IF(AN38=0,"",SQRT(($AF38-$AO38)^2+($AG38-$AP38)^2)) | AR38: 0 | AU38: =IF(AR38=0,"",SQRT(($AF38-$AS38)^2+($AG38-$AT38)^2))
A39: 2 | B39: FCN | C39: =IF($A39="","",IF(VLOOKUP($A39,Spiele!$A$2:$D$16,3,FALSE)=$B39,"H","G")) -> G | D39: =IF($B39="","",IF(VLOOKUP($A39,Spiele!$A$2:$F$16,3,FALSE)=$B39,VLOOKUP($A39,Spiele!$A$2:$F$16,4,FALSE),VLOOKUP($A39,Spiele!$A$2:$F$16,3,FALSE))) -> FCD | E39: =IF(Abschlüsse[[#This Row],[Ergeb]]="ET",0,COUNTIFS($A$2:$A39,$A39,$B$2:$B39,$B39,$L$2:$L39,"<>ET")) -> 7 | F39: 65 | G39: 2 | H39: =COUNTIFS('Rote Karten'!$A$2:$A$4,$A39,'Rote Karten'!$D$2:$D$4,"<>"&$B39,'Rote Karten'!$B$2:$B$4,"<"&$F39,'Rote Karten'!$C$2:$C$4,"<="&$G39)-COUNTIFS('Rote Karten'!$A$2:$A$4,$A39,'Rote Karten'!$D$2:$D$4,$B39,'Rote Karten'!$B$2:$B$4,"<"&$F39,'Rote Karten'!$C$2:$C$4,"<="&$G39) -> 0 | I39: =IF(OR($L39="Tor",$L39="ET"),_xlfn.IFNA(IF(VLOOKUP($A39,Spiele!$A$2:$C$16,3,FALSE)=$B39,COUNTIFS($L$2:$L39,"Tor",$B$2:$B39,$B39,$A$2:$A39,$A39)+COUNTIFS($L$2:$L39,"ET",$B$2:$B39,$B39,$A$2:$A39,$A39)&":"&COUNTIFS($L$2:$L39,"Tor",$B$2:$B39,"<>"&$B39,$A$2:$A39,$A39)+COUNTIFS($L$2:$L39,"ET",$B$2:$B39,"<>"&$B39,$A$2:$A39,$A39),COUNTIFS($L$2:$L39,"Tor",$B$2:$B39,"<>"&$B39,$A$2:$A39,$A39)+COUNTIFS($L$2:$L39,"ET",$B$2:$B39,"<>"&$B39,$A$2:$A39,$A39)&":"&COUNTIFS($L$2:$L39,"Tor",$B$2:$B39,$B39,$A$2:$A39,$A39)+COUNTIFS($L$2:$L39,"ET",$B$2:$B39,$B39,$A$2:$A39,$A39)),""),"") -> 2:2 | J39: =_xlfn.IFNA(IF(VLOOKUP($A39,Spiele!$A$2:$D$16,3,FALSE)=$B39,(COUNTIFS($L$1:$L38,"Tor",$B$1:$B38,$B39,$A$1:$A38,$A39)+COUNTIFS($L$1:$L38,"ET",$B$1:$B38,$B39,$A$1:$A38,$A39))-(COUNTIFS($L$1:$L38,"Tor",$B$1:$B38,"<>"&$B39,$A$1:$A38,$A39)+COUNTIFS($L$1:$L38,"ET",$B$1:$B38,"<>"&$B39,$A$1:$A38,$A39)),(COUNTIFS($L$1:$L38,"Tor",$B$1:$B38,$B39,$A$1:$A38,$A39)+COUNTIFS($L$1:$L38,"ET",$B$1:$B38,$B39,$A$1:$A38,$A39))-(COUNTIFS($L$1:$L38,"Tor",$B$1:$B38,"<>"&$B39,$A$1:$A38,$A39)+COUNTIFS($L$1:$L38,"ET",$B$1:$B38,"<>"&$B39,$A$1:$A38,$A39))),"") -> -1 | K39: 11 | L39: Tor | M39: EB | N39: F | O39: 13 | P39: 19 | Q39: 20 | AA39: adL | AB39: K | AC39: Kopf | AD39: BzT | AE39: 9 | AF39: 1.5 | AG39: 6 | AH39: =IF($L39="ET","",IF($AF39>3.66,SQRT($AG39^2+($AF39-(7.32/2))^2),IF($AF39<-3.66,SQRT($AG39^2+($AF39+(7.32/2))^2),$AG39))) -> 6 | AI39: =IF($L39="ET","",IF(DEGREES(ATAN((7.32*$AG39)/($AG39^2+$AF39^2-(7.32/2)^2)))<=0,180+DEGREES(ATAN((7.32*$AG39)/($AG39^2+$AF39^2-(7.32/2)^2))),DEGREES(ATAN((7.32*$AG39)/($AG39^2+$AF39^2-(7.32/2)^2))))) -> 60.494407 | AJ39: SB | AK39: 0 | AL39: 1 | AM39: =IF(Abschlüsse[[#This Row],[Ergeb]]="ET","",SQRT(($AF39-$AK39)^2+($AG39-$AL39)^2)) -> 5.2201533 | AN39: 1 | AO39: 1.5 | AP39: 5.5 | AQ39: =IF(AN39=0,"",SQRT(($AF39-$AO39)^2+($AG39-$AP39)^2)) -> 0.5 | AR39: 0 | AU39: =IF(AR39=0,"",SQRT(($AF39-$AS39)^2+($AG39-$AT39)^2))
A40: 2 | B40: FCN | C40: =IF($A40="","",IF(VLOOKUP($A40,Spiele!$A$2:$D$16,3,FALSE)=$B40,"H","G")) -> G | D40: =IF($B40="","",IF(VLOOKUP($A40,Spiele!$A$2:$F$16,3,FALSE)=$B40,VLOOKUP($A40,Spiele!$A$2:$F$16,4,FALSE),VLOOKUP($A40,Spiele!$A$2:$F$16,3,FALSE))) -> FCD | E40: =IF(Abschlüsse[[#This Row],[Ergeb]]="ET",0,COUNTIFS($A$2:$A40,$A40,$B$2:$B40,$B40,$L$2:$L40,"<>ET")) -> 8 | F40: 66 | G40: 2 | H40: =COUNTIFS('Rote Karten'!$A$2:$A$4,$A40,'Rote Karten'!$D$2:$D$4,"<>"&$B40,'Rote Karten'!$B$2:$B$4,"<"&$F40,'Rote Karten'!$C$2:$C$4,"<="&$G40)-COUNTIFS('Rote Karten'!$A$2:$A$4,$A40,'Rote Karten'!$D$2:$D$4,$B40,'Rote Karten'!$B$2:$B$4,"<"&$F40,'Rote Karten'!$C$2:$C$4,"<="&$G40) -> 0 | I40: =IF(OR($L40="Tor",$L40="ET"),_xlfn.IFNA(IF(VLOOKUP($A40,Spiele!$A$2:$C$16,3,FALSE)=$B40,COUNTIFS($L$2:$L40,"Tor",$B$2:$B40,$B40,$A$2:$A40,$A40)+COUNTIFS($L$2:$L40,"ET",$B$2:$B40,$B40,$A$2:$A40,$A40)&":"&COUNTIFS($L$2:$L40,"Tor",$B$2:$B40,"<>"&$B40,$A$2:$A40,$A40)+COUNTIFS($L$2:$L40,"ET",$B$2:$B40,"<>"&$B40,$A$2:$A40,$A40),COUNTIFS($L$2:$L40,"Tor",$B$2:$B40,"<>"&$B40,$A$2:$A40,$A40)+COUNTIFS($L$2:$L40,"ET",$B$2:$B40,"<>"&$B40,$A$2:$A40,$A40)&":"&COUNTIFS($L$2:$L40,"Tor",$B$2:$B40,$B40,$A$2:$A40,$A40)+COUNTIFS($L$2:$L40,"ET",$B$2:$B40,$B40,$A$2:$A40,$A40)),""),"") | J40: =_xlfn.IFNA(IF(VLOOKUP($A40,Spiele!$A$2:$D$16,3,FALSE)=$B40,(COUNTIFS($L$1:$L39,"Tor",$B$1:$B39,$B40,$A$1:$A39,$A40)+COUNTIFS($L$1:$L39,"ET",$B$1:$B39,$B40,$A$1:$A39,$A40))-(COUNTIFS($L$1:$L39,"Tor",$B$1:$B39,"<>"&$B40,$A$1:$A39,$A40)+COUNTIFS($L$1:$L39,"ET",$B$1:$B39,"<>"&$B40,$A$1:$A39,$A40)),(COUNTIFS($L$1:$L39,"Tor",$B$1:$B39,$B40,$A$1:$A39,$A40)+COUNTIFS($L$1:$L39,"ET",$B$1:$B39,$B40,$A$1:$A39,$A40))-(COUNTIFS($L$1:$L39,"Tor",$B$1:$B39,"<>"&$B40,$A$1:$A39,$A40)+COUNTIFS($L$1:$L39,"ET",$B$1:$B39,"<>"&$B40,$A$1:$A39,$A40))),"") -> 0 | K40: 12 | L40: Save | M40: EB | N40: D | O40: 8 | P40: 20 | Q40: 19 | R40: 13 | AA40: nd | AB40: R | AC40: Fuß | AD40: adD | AE40: 27 | AF40: -20 | AG40: 24.5 | AH40: =IF($L40="ET","",IF($AF40>3.66,SQRT($AG40^2+($AF40-(7.32/2))^2),IF($AF40<-3.66,SQRT($AG40^2+($AF40+(7.32/2))^2),$AG40))) -> 29.449034 | AI40: =IF($L40="ET","",IF(DEGREES(ATAN((7.32*$AG40)/($AG40^2+$AF40^2-(7.32/2)^2)))<=0,180+DEGREES(ATAN((7.32*$AG40)/($AG40^2+$AF40^2-(7.32/2)^2))),DEGREES(ATAN((7.32*$AG40)/($AG40^2+$AF40^2-(7.32/2)^2))))) -> 10.299897 | AJ40: SB | AK40: -1.5 | AL40: 1.5 | AM40: =IF(Abschlüsse[[#This Row],[Ergeb]]="ET","",SQRT(($AF40-$AK40)^2+($AG40-$AL40)^2)) -> 29.516944 | AN40: 0 | AQ40: =IF(AN40=0,"",SQRT(($AF40-$AO40)^2+($AG40-$AP40)^2)) | AR40: 3 | AS40: -17 | AT40: 20.5 | AU40: =IF(AR40=0,"",SQRT(($AF40-$AS40)^2+($AG40-$AT40)^2)) -> 5
A41: 2 | B41: FCD | C41: =IF($A41="","",IF(VLOOKUP($A41,Spiele!$A$2:$D$16,3,FALSE)=$B41,"H","G")) -> H | D41: =IF($B41="","",IF(VLOOKUP($A41,Spiele!$A$2:$F$16,3,FALSE)=$B41,VLOOKUP($A41,Spiele!$A$2:$F$16,4,FALSE),VLOOKUP($A41,Spiele!$A$2:$F$16,3,FALSE))) -> FCN | E41: =IF(Abschlüsse[[#This Row],[Ergeb]]="ET",0,COUNTIFS($A$2:$A41,$A41,$B$2:$B41,$B41,$L$2:$L41,"<>ET")) -> 6 | F41: 68 | G41: 2 | H41: =COUNTIFS('Rote Karten'!$A$2:$A$4,$A41,'Rote Karten'!$D$2:$D$4,"<>"&$B41,'Rote Karten'!$B$2:$B$4,"<"&$F41,'Rote Karten'!$C$2:$C$4,"<="&$G41)-COUNTIFS('Rote Karten'!$A$2:$A$4,$A41,'Rote Karten'!$D$2:$D$4,$B41,'Rote Karten'!$B$2:$B$4,"<"&$F41,'Rote Karten'!$C$2:$C$4,"<="&$G41) -> 0 | I41: =IF(OR($L41="Tor",$L41="ET"),_xlfn.IFNA(IF(VLOOKUP($A41,Spiele!$A$2:$C$16,3,FALSE)=$B41,COUNTIFS($L$2:$L41,"Tor",$B$2:$B41,$B41,$A$2:$A41,$A41)+COUNTIFS($L$2:$L41,"ET",$B$2:$B41,$B41,$A$2:$A41,$A41)&":"&COUNTIFS($L$2:$L41,"Tor",$B$2:$B41,"<>"&$B41,$A$2:$A41,$A41)+COUNTIFS($L$2:$L41,"ET",$B$2:$B41,"<>"&$B41,$A$2:$A41,$A41),COUNTIFS($L$2:$L41,"Tor",$B$2:$B41,"<>"&$B41,$A$2:$A41,$A41)+COUNTIFS($L$2:$L41,"ET",$B$2:$B41,"<>"&$B41,$A$2:$A41,$A41)&":"&COUNTIFS($L$2:$L41,"Tor",$B$2:$B41,$B41,$A$2:$A41,$A41)+COUNTIFS($L$2:$L41,"ET",$B$2:$B41,$B41,$A$2:$A41,$A41)),""),"") | J41: =_xlfn.IFNA(IF(VLOOKUP($A41,Spiele!$A$2:$D$16,3,FALSE)=$B41,(COUNTIFS($L$1:$L40,"Tor",$B$1:$B40,$B41,$A$1:$A40,$A41)+COUNTIFS($L$1:$L40,"ET",$B$1:$B40,$B41,$A$1:$A40,$A41))-(COUNTIFS($L$1:$L40,"Tor",$B$1:$B40,"<>"&$B41,$A$1:$A40,$A41)+COUNTIFS($L$1:$L40,"ET",$B$1:$B40,"<>"&$B41,$A$1:$A40,$A41)),(COUNTIFS($L$1:$L40,"Tor",$B$1:$B40,$B41,$A$1:$A40,$A41)+COUNTIFS($L$1:$L40,"ET",$B$1:$B40,$B41,$A$1:$A40,$A41))-(COUNTIFS($L$1:$L40,"Tor",$B$1:$B40,"<>"&$B41,$A$1:$A40,$A41)+COUNTIFS($L$1:$L40,"ET",$B$1:$B40,"<>"&$B41,$A$1:$A40,$A41))),"") -> 0 | K41: 13 | L41: Vorbei | M41: EB | N41: RP | AA41: nd | AB41: R | AC41: Son | AD41: BzT | AF41: -2 | AG41: 14 | AH41: =IF($L41="ET","",IF($AF41>3.66,SQRT($AG41^2+($AF41-(7.32/2))^2),IF($AF41<-3.66,SQRT($AG41^2+($AF41+(7.32/2))^2),$AG41))) -> 14 | AI41: =IF($L41="ET","",IF(DEGREES(ATAN((7.32*$AG41)/($AG41^2+$AF41^2-(7.32/2)^2)))<=0,180+DEGREES(ATAN((7.32*$AG41)/($AG41^2+$AF41^2-(7.32/2)^2))),DEGREES(ATAN((7.32*$AG41)/($AG41^2+$AF41^2-(7.32/2)^2))))) -> 28.774851 | AJ41: SB | AK41: 0 | AL41: 2 | AM41: =IF(Abschlüsse[[#This Row],[Ergeb]]="ET","",SQRT(($AF41-$AK41)^2+($AG41-$AL41)^2)) -> 12.165525 | AN41: 2 | AO41: -3.5 | AP41: 13.5 | AQ41: =IF(AN41=0,"",SQRT(($AF41-$AO41)^2+($AG41-$AP41)^2)) -> 1.5811388 | AR41: 1 | AS41: -1.5 | AT41: 9.5 | AU41: =IF(AR41=0,"",SQRT(($AF41-$AS41)^2+($AG41-$AT41)^2)) -> 4.5276926
A42: 2 | B42: FCN | C42: =IF($A42="","",IF(VLOOKUP($A42,Spiele!$A$2:$D$16,3,FALSE)=$B42,"H","G")) -> G | D42: =IF($B42="","",IF(VLOOKUP($A42,Spiele!$A$2:$F$16,3,FALSE)=$B42,VLOOKUP($A42,Spiele!$A$2:$F$16,4,FALSE),VLOOKUP($A42,Spiele!$A$2:$F$16,3,FALSE))) -> FCD | E42: =IF(Abschlüsse[[#This Row],[Ergeb]]="ET",0,COUNTIFS($A$2:$A42,$A42,$B$2:$B42,$B42,$L$2:$L42,"<>ET")) -> 9 | F42: 70 | G42: 2 | H42: =COUNTIFS('Rote Karten'!$A$2:$A$4,$A42,'Rote Karten'!$D$2:$D$4,"<>"&$B42,'Rote Karten'!$B$2:$B$4,"<"&$F42,'Rote Karten'!$C$2:$C$4,"<="&$G42)-COUNTIFS('Rote Karten'!$A$2:$A$4,$A42,'Rote Karten'!$D$2:$D$4,$B42,'Rote Karten'!$B$2:$B$4,"<"&$F42,'Rote Karten'!$C$2:$C$4,"<="&$G42) -> 0 | I42: =IF(OR($L42="Tor",$L42="ET"),_xlfn.IFNA(IF(VLOOKUP($A42,Spiele!$A$2:$C$16,3,FALSE)=$B42,COUNTIFS($L$2:$L42,"Tor",$B$2:$B42,$B42,$A$2:$A42,$A42)+COUNTIFS($L$2:$L42,"ET",$B$2:$B42,$B42,$A$2:$A42,$A42)&":"&COUNTIFS($L$2:$L42,"Tor",$B$2:$B42,"<>"&$B42,$A$2:$A42,$A42)+COUNTIFS($L$2:$L42,"ET",$B$2:$B42,"<>"&$B42,$A$2:$A42,$A42),COUNTIFS($L$2:$L42,"Tor",$B$2:$B42,"<>"&$B42,$A$2:$A42,$A42)+COUNTIFS($L$2:$L42,"ET",$B$2:$B42,"<>"&$B42,$A$2:$A42,$A42)&":"&COUNTIFS($L$2:$L42,"Tor",$B$2:$B42,$B42,$A$2:$A42,$A42)+COUNTIFS($L$2:$L42,"ET",$B$2:$B42,$B42,$A$2:$A42,$A42)),""),"") | J42: =_xlfn.IFNA(IF(VLOOKUP($A42,Spiele!$A$2:$D$16,3,FALSE)=$B42,(COUNTIFS($L$1:$L41,"Tor",$B$1:$B41,$B42,$A$1:$A41,$A42)+COUNTIFS($L$1:$L41,"ET",$B$1:$B41,$B42,$A$1:$A41,$A42))-(COUNTIFS($L$1:$L41,"Tor",$B$1:$B41,"<>"&$B42,$A$1:$A41,$A42)+COUNTIFS($L$1:$L41,"ET",$B$1:$B41,"<>"&$B42,$A$1:$A41,$A42)),(COUNTIFS($L$1:$L41,"Tor",$B$1:$B41,$B42,$A$1:$A41,$A42)+COUNTIFS($L$1:$L41,"ET",$B$1:$B41,$B42,$A$1:$A41,$A42))-(COUNTIFS($L$1:$L41,"Tor",$B$1:$B41,"<>"&$B42,$A$1:$A41,$A42)+COUNTIFS($L$1:$L41,"ET",$B$1:$B41,"<>"&$B42,$A$1:$A41,$A42))),"") -> 0 | K42: 14 | L42: Vorbei | M42: USO | N42: D | AA42: nd | AB42: R | AC42: Fuß | AD42: adD | AE42: 18 | AF42: -14.5 | AG42: 20.5 | AH42: =IF($L42="ET","",IF($AF42>3.66,SQRT($AG42^2+($AF42-(7.32/2))^2),IF($AF42<-3.66,SQRT($AG42^2+($AF42+(7.32/2))^2),$AG42))) -> 23.189558 | AI42: =IF($L42="ET","",IF(DEGREES(ATAN((7.32*$AG42)/($AG42^2+$AF42^2-(7.32/2)^2)))<=0,180+DEGREES(ATAN((7.32*$AG42)/($AG42^2+$AF42^2-(7.32/2)^2))),DEGREES(ATAN((7.32*$AG42)/($AG42^2+$AF42^2-(7.32/2)^2))))) -> 13.667233 | AJ42: SB | AK42: -1.5 | AL42: 2 | AM42: =IF(Abschlüsse[[#This Row],[Ergeb]]="ET","",SQRT(($AF42-$AK42)^2+($AG42-$AL42)^2)) -> 22.610838 | AN42: 2 | AO42: -15 | AP42: 23.5 | AQ42: =IF(AN42=0,"",SQRT(($AF42-$AO42)^2+($AG42-$AP42)^2)) -> 3.0413813 | AR42: 2 | AS42: -13 | AT42: 17 | AU42: =IF(AR42=0,"",SQRT(($AF42-$AS42)^2+($AG42-$AT42)^2)) -> 3.8078866
A43: 2 | B43: FCN | C43: =IF($A43="","",IF(VLOOKUP($A43,Spiele!$A$2:$D$16,3,FALSE)=$B43,"H","G")) -> G | D43: =IF($B43="","",IF(VLOOKUP($A43,Spiele!$A$2:$F$16,3,FALSE)=$B43,VLOOKUP($A43,Spiele!$A$2:$F$16,4,FALSE),VLOOKUP($A43,Spiele!$A$2:$F$16,3,FALSE))) -> FCD | E43: =IF(Abschlüsse[[#This Row],[Ergeb]]="ET",0,COUNTIFS($A$2:$A43,$A43,$B$2:$B43,$B43,$L$2:$L43,"<>ET")) -> 10 | F43: 71 | G43: 2 | H43: =COUNTIFS('Rote Karten'!$A$2:$A$4,$A43,'Rote Karten'!$D$2:$D$4,"<>"&$B43,'Rote Karten'!$B$2:$B$4,"<"&$F43,'Rote Karten'!$C$2:$C$4,"<="&$G43)-COUNTIFS('Rote Karten'!$A$2:$A$4,$A43,'Rote Karten'!$D$2:$D$4,$B43,'Rote Karten'!$B$2:$B$4,"<"&$F43,'Rote Karten'!$C$2:$C$4,"<="&$G43) -> 0 | I43: =IF(OR($L43="Tor",$L43="ET"),_xlfn.IFNA(IF(VLOOKUP($A43,Spiele!$A$2:$C$16,3,FALSE)=$B43,COUNTIFS($L$2:$L43,"Tor",$B$2:$B43,$B43,$A$2:$A43,$A43)+COUNTIFS($L$2:$L43,"ET",$B$2:$B43,$B43,$A$2:$A43,$A43)&":"&COUNTIFS($L$2:$L43,"Tor",$B$2:$B43,"<>"&$B43,$A$2:$A43,$A43)+COUNTIFS($L$2:$L43,"ET",$B$2:$B43,"<>"&$B43,$A$2:$A43,$A43),COUNTIFS($L$2:$L43,"Tor",$B$2:$B43,"<>"&$B43,$A$2:$A43,$A43)+COUNTIFS($L$2:$L43,"ET",$B$2:$B43,"<>"&$B43,$A$2:$A43,$A43)&":"&COUNTIFS($L$2:$L43,"Tor",$B$2:$B43,$B43,$A$2:$A43,$A43)+COUNTIFS($L$2:$L43,"ET",$B$2:$B43,$B43,$A$2:$A43,$A43)),""),"") | J43: =_xlfn.IFNA(IF(VLOOKUP($A43,Spiele!$A$2:$D$16,3,FALSE)=$B43,(COUNTIFS($L$1:$L42,"Tor",$B$1:$B42,$B43,$A$1:$A42,$A43)+COUNTIFS($L$1:$L42,"ET",$B$1:$B42,$B43,$A$1:$A42,$A43))-(COUNTIFS($L$1:$L42,"Tor",$B$1:$B42,"<>"&$B43,$A$1:$A42,$A43)+COUNTIFS($L$1:$L42,"ET",$B$1:$B42,"<>"&$B43,$A$1:$A42,$A43)),(COUNTIFS($L$1:$L42,"Tor",$B$1:$B42,$B43,$A$1:$A42,$A43)+COUNTIFS($L$1:$L42,"ET",$B$1:$B42,$B43,$A$1:$A42,$A43))-(COUNTIFS($L$1:$L42,"Tor",$B$1:$B42,"<>"&$B43,$A$1:$A42,$A43)+COUNTIFS($L$1:$L42,"ET",$B$1:$B42,"<>"&$B43,$A$1:$A42,$A43))),"") -> 0 | K43: 15 | L43: Vorbei | M43: nE | N43: F | O43: 20 | P43: 8 | Q43: 20 | AA43: adL | AB43: K | AC43: Kopf | AD43: adD | AE43: 13 | AF43: -4.5 | AG43: 3.5 | AH43: =IF($L43="ET","",IF($AF43>3.66,SQRT($AG43^2+($AF43-(7.32/2))^2),IF($AF43<-3.66,SQRT($AG43^2+($AF43+(7.32/2))^2),$AG43))) -> 3.5993888 | AI43: =IF($L43="ET","",IF(DEGREES(ATAN((7.32*$AG43)/($AG43^2+$AF43^2-(7.32/2)^2)))<=0,180+DEGREES(ATAN((7.32*$AG43)/($AG43^2+$AF43^2-(7.32/2)^2))),DEGREES(ATAN((7.32*$AG43)/($AG43^2+$AF43^2-(7.32/2)^2))))) -> 53.28873 | AJ43: SB | AK43: -2 | AL43: 0.5 | AM43: =IF(Abschlüsse[[#This Row],[Ergeb]]="ET","",SQRT(($AF43-$AK43)^2+($AG43-$AL43)^2)) -> 3.9051248 | AN43: 1 | AO43: -4 | AP43: 4 | AQ43: =IF(AN43=0,"",SQRT(($AF43-$AO43)^2+($AG43-$AP43)^2)) -> 0.70710678 | AR43: 0 | AU43: =IF(AR43=0,"",SQRT(($AF43-$AS43)^2+($AG43-$AT43)^2))
A44: 2 | B44: FCN | C44: =IF($A44="","",IF(VLOOKUP($A44,Spiele!$A$2:$D$16,3,FALSE)=$B44,"H","G")) -> G | D44: =IF($B44="","",IF(VLOOKUP($A44,Spiele!$A$2:$F$16,3,FALSE)=$B44,VLOOKUP($A44,Spiele!$A$2:$F$16,4,FALSE),VLOOKUP($A44,Spiele!$A$2:$F$16,3,FALSE))) -> FCD | E44: =IF(Abschlüsse[[#This Row],[Ergeb]]="ET",0,COUNTIFS($A$2:$A44,$A44,$B$2:$B44,$B44,$L$2:$L44,"<>ET")) -> 11 | F44: 72 | G44: 2 | H44: =COUNTIFS('Rote Karten'!$A$2:$A$4,$A44,'Rote Karten'!$D$2:$D$4,"<>"&$B44,'Rote Karten'!$B$2:$B$4,"<"&$F44,'Rote Karten'!$C$2:$C$4,"<="&$G44)-COUNTIFS('Rote Karten'!$A$2:$A$4,$A44,'Rote Karten'!$D$2:$D$4,$B44,'Rote Karten'!$B$2:$B$4,"<"&$F44,'Rote Karten'!$C$2:$C$4,"<="&$G44) -> 0 | I44: =IF(OR($L44="Tor",$L44="ET"),_xlfn.IFNA(IF(VLOOKUP($A44,Spiele!$A$2:$C$16,3,FALSE)=$B44,COUNTIFS($L$2:$L44,"Tor",$B$2:$B44,$B44,$A$2:$A44,$A44)+COUNTIFS($L$2:$L44,"ET",$B$2:$B44,$B44,$A$2:$A44,$A44)&":"&COUNTIFS($L$2:$L44,"Tor",$B$2:$B44,"<>"&$B44,$A$2:$A44,$A44)+COUNTIFS($L$2:$L44,"ET",$B$2:$B44,"<>"&$B44,$A$2:$A44,$A44),COUNTIFS($L$2:$L44,"Tor",$B$2:$B44,"<>"&$B44,$A$2:$A44,$A44)+COUNTIFS($L$2:$L44,"ET",$B$2:$B44,"<>"&$B44,$A$2:$A44,$A44)&":"&COUNTIFS($L$2:$L44,"Tor",$B$2:$B44,$B44,$A$2:$A44,$A44)+COUNTIFS($L$2:$L44,"ET",$B$2:$B44,$B44,$A$2:$A44,$A44)),""),"") -> 2:3 | J44: =_xlfn.IFNA(IF(VLOOKUP($A44,Spiele!$A$2:$D$16,3,FALSE)=$B44,(COUNTIFS($L$1:$L43,"Tor",$B$1:$B43,$B44,$A$1:$A43,$A44)+COUNTIFS($L$1:$L43,"ET",$B$1:$B43,$B44,$A$1:$A43,$A44))-(COUNTIFS($L$1:$L43,"Tor",$B$1:$B43,"<>"&$B44,$A$1:$A43,$A44)+COUNTIFS($L$1:$L43,"ET",$B$1:$B43,"<>"&$B44,$A$1:$A43,$A44)),(COUNTIFS($L$1:$L43,"Tor",$B$1:$B43,$B44,$A$1:$A43,$A44)+COUNTIFS($L$1:$L43,"ET",$B$1:$B43,$B44,$A$1:$A43,$A44))-(COUNTIFS($L$1:$L43,"Tor",$B$1:$B43,"<>"&$B44,$A$1:$A43,$A44)+COUNTIFS($L$1:$L43,"ET",$B$1:$B43,"<>"&$B44,$A$1:$A43,$A44))),"") -> 0 | K44: 16 | L44: Tor | M44: EB | N44: RP | O44: 25 | P44: 9 | Q44: 19 | R44: 26 | S44: 1 | T44: 20 | U44: 23 | AA44: vB | AB44: R | AC44: Fuß | AD44: BzT | AE44: 9 | AF44: 5.5 | AG44: 24.5 | AH44: =IF($L44="ET","",IF($AF44>3.66,SQRT($AG44^2+($AF44-(7.32/2))^2),IF($AF44<-3.66,SQRT($AG44^2+($AF44+(7.32/2))^2),$AG44))) -> 24.568997 | AI44: =IF($L44="ET","",IF(DEGREES(ATAN((7.32*$AG44)/($AG44^2+$AF44^2-(7.32/2)^2)))<=0,180+DEGREES(ATAN((7.32*$AG44)/($AG44^2+$AF44^2-(7.32/2)^2))),DEGREES(ATAN((7.32*$AG44)/($AG44^2+$AF44^2-(7.32/2)^2))))) -> 16.204675 | AJ44: SB | AK44: 0.5 | AL44: 2.5 | AM44: =IF(Abschlüsse[[#This Row],[Ergeb]]="ET","",SQRT(($AF44-$AK44)^2+($AG44-$AL44)^2)) -> 22.561028 | AN44: 0 | AQ44: =IF(AN44=0,"",SQRT(($AF44-$AO44)^2+($AG44-$AP44)^2)) | AR44: 2 | AS44: 3.5 | AT44: 16 | AU44: =IF(AR44=0,"",SQRT(($AF44-$AS44)^2+($AG44-$AT44)^2)) -> 8.7321246
A45: 2 | B45: FCN | C45: =IF($A45="","",IF(VLOOKUP($A45,Spiele!$A$2:$D$16,3,FALSE)=$B45,"H","G")) -> G | D45: =IF($B45="","",IF(VLOOKUP($A45,Spiele!$A$2:$F$16,3,FALSE)=$B45,VLOOKUP($A45,Spiele!$A$2:$F$16,4,FALSE),VLOOKUP($A45,Spiele!$A$2:$F$16,3,FALSE))) -> FCD | E45: =IF(Abschlüsse[[#This Row],[Ergeb]]="ET",0,COUNTIFS($A$2:$A45,$A45,$B$2:$B45,$B45,$L$2:$L45,"<>ET")) -> 12 | F45: 78 | G45: 2 | H45: =COUNTIFS('Rote Karten'!$A$2:$A$4,$A45,'Rote Karten'!$D$2:$D$4,"<>"&$B45,'Rote Karten'!$B$2:$B$4,"<"&$F45,'Rote Karten'!$C$2:$C$4,"<="&$G45)-COUNTIFS('Rote Karten'!$A$2:$A$4,$A45,'Rote Karten'!$D$2:$D$4,$B45,'Rote Karten'!$B$2:$B$4,"<"&$F45,'Rote Karten'!$C$2:$C$4,"<="&$G45) -> 0 | I45: =IF(OR($L45="Tor",$L45="ET"),_xlfn.IFNA(IF(VLOOKUP($A45,Spiele!$A$2:$C$16,3,FALSE)=$B45,COUNTIFS($L$2:$L45,"Tor",$B$2:$B45,$B45,$A$2:$A45,$A45)+COUNTIFS($L$2:$L45,"ET",$B$2:$B45,$B45,$A$2:$A45,$A45)&":"&COUNTIFS($L$2:$L45,"Tor",$B$2:$B45,"<>"&$B45,$A$2:$A45,$A45)+COUNTIFS($L$2:$L45,"ET",$B$2:$B45,"<>"&$B45,$A$2:$A45,$A45),COUNTIFS($L$2:$L45,"Tor",$B$2:$B45,"<>"&$B45,$A$2:$A45,$A45)+COUNTIFS($L$2:$L45,"ET",$B$2:$B45,"<>"&$B45,$A$2:$A45,$A45)&":"&COUNTIFS($L$2:$L45,"Tor",$B$2:$B45,$B45,$A$2:$A45,$A45)+COUNTIFS($L$2:$L45,"ET",$B$2:$B45,$B45,$A$2:$A45,$A45)),""),"") | J45: =_xlfn.IFNA(IF(VLOOKUP($A45,Spiele!$A$2:$D$16,3,FALSE)=$B45,(COUNTIFS($L$1:$L44,"Tor",$B$1:$B44,$B45,$A$1:$A44,$A45)+COUNTIFS($L$1:$L44,"ET",$B$1:$B44,$B45,$A$1:$A44,$A45))-(COUNTIFS($L$1:$L44,"Tor",$B$1:$B44,"<>"&$B45,$A$1:$A44,$A45)+COUNTIFS($L$1:$L44,"ET",$B$1:$B44,"<>"&$B45,$A$1:$A44,$A45)),(COUNTIFS($L$1:$L44,"Tor",$B$1:$B44,$B45,$A$1:$A44,$A45)+COUNTIFS($L$1:$L44,"ET",$B$1:$B44,$B45,$A$1:$A44,$A45))-(COUNTIFS($L$1:$L44,"Tor",$B$1:$B44,"<>"&$B45,$A$1:$A44,$A45)+COUNTIFS($L$1:$L44,"ET",$B$1:$B44,"<>"&$B45,$A$1:$A44,$A45))),"") -> 1 | K45: 17 | L45: Vorbei | M45: USO | N45: D | O45: 13 | P45: 19 | AA45: nd | AB45: R | AC45: Fuß | AD45: adD | AE45: 18 | AF45: -18 | AG45: 24.5 | AH45: =IF($L45="ET","",IF($AF45>3.66,SQRT($AG45^2+($AF45-(7.32/2))^2),IF($AF45<-3.66,SQRT($AG45^2+($AF45+(7.32/2))^2),$AG45))) -> 28.388124 | AI45: =IF($L45="ET","",IF(DEGREES(ATAN((7.32*$AG45)/($AG45^2+$AF45^2-(7.32/2)^2)))<=0,180+DEGREES(ATAN((7.32*$AG45)/($AG45^2+$AF45^2-(7.32/2)^2))),DEGREES(ATAN((7.32*$AG45)/($AG45^2+$AF45^2-(7.32/2)^2))))) -> 11.138608 | AJ45: SB | AK45: -1.5 | AL45: 1.5 | AM45: =IF(Abschlüsse[[#This Row],[Ergeb]]="ET","",SQRT(($AF45-$AK45)^2+($AG45-$AL45)^2)) -> 28.30636 | AN45: 1 | AO45: -18 | AP45: 21.5 | AQ45: =IF(AN45=0,"",SQRT(($AF45-$AO45)^2+($AG45-$AP45)^2)) -> 3 | AR45: 1 | AS45: -9.5 | AT45: 16 | AU45: =IF(AR45=0,"",SQRT(($AF45-$AS45)^2+($AG45-$AT45)^2)) -> 12.020815
A46: 2 | B46: FCN | C46: =IF($A46="","",IF(VLOOKUP($A46,Spiele!$A$2:$D$16,3,FALSE)=$B46,"H","G")) -> G | D46: =IF($B46="","",IF(VLOOKUP($A46,Spiele!$A$2:$F$16,3,FALSE)=$B46,VLOOKUP($A46,Spiele!$A$2:$F$16,4,FALSE),VLOOKUP($A46,Spiele!$A$2:$F$16,3,FALSE))) -> FCD | E46: =IF(Abschlüsse[[#This Row],[Ergeb]]="ET",0,COUNTIFS($A$2:$A46,$A46,$B$2:$B46,$B46,$L$2:$L46,"<>ET")) -> 13 | F46: 80 | G46: 2 | H46: =COUNTIFS('Rote Karten'!$A$2:$A$4,$A46,'Rote Karten'!$D$2:$D$4,"<>"&$B46,'Rote Karten'!$B$2:$B$4,"<"&$F46,'Rote Karten'!$C$2:$C$4,"<="&$G46)-COUNTIFS('Rote Karten'!$A$2:$A$4,$A46,'Rote Karten'!$D$2:$D$4,$B46,'Rote Karten'!$B$2:$B$4,"<"&$F46,'Rote Karten'!$C$2:$C$4,"<="&$G46) -> 0 | I46: =IF(OR($L46="Tor",$L46="ET"),_xlfn.IFNA(IF(VLOOKUP($A46,Spiele!$A$2:$C$16,3,FALSE)=$B46,COUNTIFS($L$2:$L46,"Tor",$B$2:$B46,$B46,$A$2:$A46,$A46)+COUNTIFS($L$2:$L46,"ET",$B$2:$B46,$B46,$A$2:$A46,$A46)&":"&COUNTIFS($L$2:$L46,"Tor",$B$2:$B46,"<>"&$B46,$A$2:$A46,$A46)+COUNTIFS($L$2:$L46,"ET",$B$2:$B46,"<>"&$B46,$A$2:$A46,$A46),COUNTIFS($L$2:$L46,"Tor",$B$2:$B46,"<>"&$B46,$A$2:$A46,$A46)+COUNTIFS($L$2:$L46,"ET",$B$2:$B46,"<>"&$B46,$A$2:$A46,$A46)&":"&COUNTIFS($L$2:$L46,"Tor",$B$2:$B46,$B46,$A$2:$A46,$A46)+COUNTIFS($L$2:$L46,"ET",$B$2:$B46,$B46,$A$2:$A46,$A46)),""),"") | J46: =_xlfn.IFNA(IF(VLOOKUP($A46,Spiele!$A$2:$D$16,3,FALSE)=$B46,(COUNTIFS($L$1:$L45,"Tor",$B$1:$B45,$B46,$A$1:$A45,$A46)+COUNTIFS($L$1:$L45,"ET",$B$1:$B45,$B46,$A$1:$A45,$A46))-(COUNTIFS($L$1:$L45,"Tor",$B$1:$B45,"<>"&$B46,$A$1:$A45,$A46)+COUNTIFS($L$1:$L45,"ET",$B$1:$B45,"<>"&$B46,$A$1:$A45,$A46)),(COUNTIFS($L$1:$L45,"Tor",$B$1:$B45,$B46,$A$1:$A45,$A46)+COUNTIFS($L$1:$L45,"ET",$B$1:$B45,$B46,$A$1:$A45,$A46))-(COUNTIFS($L$1:$L45,"Tor",$B$1:$B45,"<>"&$B46,$A$1:$A45,$A46)+COUNTIFS($L$1:$L45,"ET",$B$1:$B45,"<>"&$B46,$A$1:$A45,$A46))),"") -> 1 | K46: 18 | L46: Vorbei | M46: USO | N46: SP | O46: 8 | P46: 18 | Q46: 23 | R46: 5 | AA46: vB | AB46: R | AC46: Fuß | AD46: adD | AE46: 25 | AF46: 14 | AG46: 9.5 | AH46: =IF($L46="ET","",IF($AF46>3.66,SQRT($AG46^2+($AF46-(7.32/2))^2),IF($AF46<-3.66,SQRT($AG46^2+($AF46+(7.32/2))^2),$AG46))) -> 14.041567 | AI46: =IF($L46="ET","",IF(DEGREES(ATAN((7.32*$AG46)/($AG46^2+$AF46^2-(7.32/2)^2)))<=0,180+DEGREES(ATAN((7.32*$AG46)/($AG46^2+$AF46^2-(7.32/2)^2))),DEGREES(ATAN((7.32*$AG46)/($AG46^2+$AF46^2-(7.32/2)^2))))) -> 14.298085 | AJ46: SB | AK46: 4 | AL46: 3 | AM46: =IF(Abschlüsse[[#This Row],[Ergeb]]="ET","",SQRT(($AF46-$AK46)^2+($AG46-$AL46)^2)) -> 11.92686 | AN46: 1 | AO46: 11 | AP46: 10.5 | AQ46: =IF(AN46=0,"",SQRT(($AF46-$AO46)^2+($AG46-$AP46)^2)) -> 3.1622777 | AR46: 0 | AU46: =IF(AR46=0,"",SQRT(($AF46-$AS46)^2+($AG46-$AT46)^2))
A47: 2 | B47: FCD | C47: =IF($A47="","",IF(VLOOKUP($A47,Spiele!$A$2:$D$16,3,FALSE)=$B47,"H","G")) -> H | D47: =IF($B47="","",IF(VLOOKUP($A47,Spiele!$A$2:$F$16,3,FALSE)=$B47,VLOOKUP($A47,Spiele!$A$2:$F$16,4,FALSE),VLOOKUP($A47,Spiele!$A$2:$F$16,3,FALSE))) -> FCN | E47: =IF(Abschlüsse[[#This Row],[Ergeb]]="ET",0,COUNTIFS($A$2:$A47,$A47,$B$2:$B47,$B47,$L$2:$L47,"<>ET")) -> 7 | F47: 83 | G47: 2 | H47: =COUNTIFS('Rote Karten'!$A$2:$A$4,$A47,'Rote Karten'!$D$2:$D$4,"<>"&$B47,'Rote Karten'!$B$2:$B$4,"<"&$F47,'Rote Karten'!$C$2:$C$4,"<="&$G47)-COUNTIFS('Rote Karten'!$A$2:$A$4,$A47,'Rote Karten'!$D$2:$D$4,$B47,'Rote Karten'!$B$2:$B$4,"<"&$F47,'Rote Karten'!$C$2:$C$4,"<="&$G47) -> 0 | I47: =IF(OR($L47="Tor",$L47="ET"),_xlfn.IFNA(IF(VLOOKUP($A47,Spiele!$A$2:$C$16,3,FALSE)=$B47,COUNTIFS($L$2:$L47,"Tor",$B$2:$B47,$B47,$A$2:$A47,$A47)+COUNTIFS($L$2:$L47,"ET",$B$2:$B47,$B47,$A$2:$A47,$A47)&":"&COUNTIFS($L$2:$L47,"Tor",$B$2:$B47,"<>"&$B47,$A$2:$A47,$A47)+COUNTIFS($L$2:$L47,"ET",$B$2:$B47,"<>"&$B47,$A$2:$A47,$A47),COUNTIFS($L$2:$L47,"Tor",$B$2:$B47,"<>"&$B47,$A$2:$A47,$A47)+COUNTIFS($L$2:$L47,"ET",$B$2:$B47,"<>"&$B47,$A$2:$A47,$A47)&":"&COUNTIFS($L$2:$L47,"Tor",$B$2:$B47,$B47,$A$2:$A47,$A47)+COUNTIFS($L$2:$L47,"ET",$B$2:$B47,$B47,$A$2:$A47,$A47)),""),"") | J47: =_xlfn.IFNA(IF(VLOOKUP($A47,Spiele!$A$2:$D$16,3,FALSE)=$B47,(COUNTIFS($L$1:$L46,"Tor",$B$1:$B46,$B47,$A$1:$A46,$A47)+COUNTIFS($L$1:$L46,"ET",$B$1:$B46,$B47,$A$1:$A46,$A47))-(COUNTIFS($L$1:$L46,"Tor",$B$1:$B46,"<>"&$B47,$A$1:$A46,$A47)+COUNTIFS($L$1:$L46,"ET",$B$1:$B46,"<>"&$B47,$A$1:$A46,$A47)),(COUNTIFS($L$1:$L46,"Tor",$B$1:$B46,$B47,$A$1:$A46,$A47)+COUNTIFS($L$1:$L46,"ET",$B$1:$B46,$B47,$A$1:$A46,$A47))-(COUNTIFS($L$1:$L46,"Tor",$B$1:$B46,"<>"&$B47,$A$1:$A46,$A47)+COUNTIFS($L$1:$L46,"ET",$B$1:$B46,"<>"&$B47,$A$1:$A46,$A47))),"") -> -1 | K47: 19 | L47: Alu | M47: FSF | N47: AP | AA47: As | AB47: R | AC47: Son | AD47: BzT | AF47: -5.5 | AG47: 2 | AH47: =IF($L47="ET","",IF($AF47>3.66,SQRT($AG47^2+($AF47-(7.32/2))^2),IF($AF47<-3.66,SQRT($AG47^2+($AF47+(7.32/2))^2),$AG47))) -> 2.717646 | AI47: =IF($L47="ET","",IF(DEGREES(ATAN((7.32*$AG47)/($AG47^2+$AF47^2-(7.32/2)^2)))<=0,180+DEGREES(ATAN((7.32*$AG47)/($AG47^2+$AF47^2-(7.32/2)^2))),DEGREES(ATAN((7.32*$AG47)/($AG47^2+$AF47^2-(7.32/2)^2))))) -> 35.069244 | AJ47: SB | AK47: -4 | AL47: 1.5 | AM47: =IF(Abschlüsse[[#This Row],[Ergeb]]="ET","",SQRT(($AF47-$AK47)^2+($AG47-$AL47)^2)) -> 1.5811388 | AN47: 1 | AO47: -5.5 | AP47: 5.5 | AQ47: =IF(AN47=0,"",SQRT(($AF47-$AO47)^2+($AG47-$AP47)^2)) -> 3.5 | AR47: 0 | AU47: =IF(AR47=0,"",SQRT(($AF47-$AS47)^2+($AG47-$AT47)^2))
A48: 3 | B48: FCN | C48: =IF($A48="","",IF(VLOOKUP($A48,Spiele!$A$2:$D$16,3,FALSE)=$B48,"H","G")) -> H | D48: =IF($B48="","",IF(VLOOKUP($A48,Spiele!$A$2:$F$16,3,FALSE)=$B48,VLOOKUP($A48,Spiele!$A$2:$F$16,4,FALSE),VLOOKUP($A48,Spiele!$A$2:$F$16,3,FALSE))) -> TSV | E48: =IF(Abschlüsse[[#This Row],[Ergeb]]="ET",0,COUNTIFS($A$2:$A48,$A48,$B$2:$B48,$B48,$L$2:$L48,"<>ET")) -> 1 | F48: 4 | G48: 1 | H48: =COUNTIFS('Rote Karten'!$A$2:$A$4,$A48,'Rote Karten'!$D$2:$D$4,"<>"&$B48,'Rote Karten'!$B$2:$B$4,"<"&$F48,'Rote Karten'!$C$2:$C$4,"<="&$G48)-COUNTIFS('Rote Karten'!$A$2:$A$4,$A48,'Rote Karten'!$D$2:$D$4,$B48,'Rote Karten'!$B$2:$B$4,"<"&$F48,'Rote Karten'!$C$2:$C$4,"<="&$G48) -> 0 | I48: =IF(OR($L48="Tor",$L48="ET"),_xlfn.IFNA(IF(VLOOKUP($A48,Spiele!$A$2:$C$16,3,FALSE)=$B48,COUNTIFS($L$2:$L48,"Tor",$B$2:$B48,$B48,$A$2:$A48,$A48)+COUNTIFS($L$2:$L48,"ET",$B$2:$B48,$B48,$A$2:$A48,$A48)&":"&COUNTIFS($L$2:$L48,"Tor",$B$2:$B48,"<>"&$B48,$A$2:$A48,$A48)+COUNTIFS($L$2:$L48,"ET",$B$2:$B48,"<>"&$B48,$A$2:$A48,$A48),COUNTIFS($L$2:$L48,"Tor",$B$2:$B48,"<>"&$B48,$A$2:$A48,$A48)+COUNTIFS($L$2:$L48,"ET",$B$2:$B48,"<>"&$B48,$A$2:$A48,$A48)&":"&COUNTIFS($L$2:$L48,"Tor",$B$2:$B48,$B48,$A$2:$A48,$A48)+COUNTIFS($L$2:$L48,"ET",$B$2:$B48,$B48,$A$2:$A48,$A48)),""),"") | J48: =_xlfn.IFNA(IF(VLOOKUP($A48,Spiele!$A$2:$D$16,3,FALSE)=$B48,(COUNTIFS($L$1:$L47,"Tor",$B$1:$B47,$B48,$A$1:$A47,$A48)+COUNTIFS($L$1:$L47,"ET",$B$1:$B47,$B48,$A$1:$A47,$A48))-(COUNTIFS($L$1:$L47,"Tor",$B$1:$B47,"<>"&$B48,$A$1:$A47,$A48)+COUNTIFS($L$1:$L47,"ET",$B$1:$B47,"<>"&$B48,$A$1:$A47,$A48)),(COUNTIFS($L$1:$L47,"Tor",$B$1:$B47,$B48,$A$1:$A47,$A48)+COUNTIFS($L$1:$L47,"ET",$B$1:$B47,$B48,$A$1:$A47,$A48))-(COUNTIFS($L$1:$L47,"Tor",$B$1:$B47,"<>"&$B48,$A$1:$A47,$A48)+COUNTIFS($L$1:$L47,"ET",$B$1:$B47,"<>"&$B48,$A$1:$A47,$A48))),"") -> 0 | K48: 1 | L48: Vorbei | M48: USO | N48: RP | O48: 26 | P48: 13 | AA48: nd | AB48: R | AC48: Fuß | AD48: BzT | AE48: 23 | AF48: 10 | AG48: 20 | AH48: =IF($L48="ET","",IF($AF48>3.66,SQRT($AG48^2+($AF48-(7.32/2))^2),IF($AF48<-3.66,SQRT($AG48^2+($AF48+(7.32/2))^2),$AG48))) -> 20.980839 | AI48: =IF($L48="ET","",IF(DEGREES(ATAN((7.32*$AG48)/($AG48^2+$AF48^2-(7.32/2)^2)))<=0,180+DEGREES(ATAN((7.32*$AG48)/($AG48^2+$AF48^2-(7.32/2)^2))),DEGREES(ATAN((7.32*$AG48)/($AG48^2+$AF48^2-(7.32/2)^2))))) -> 16.744461 | AJ48: SB | AK48: 1.5 | AL48: 2.5 | AM48: =IF(Abschlüsse[[#This Row],[Ergeb]]="ET","",SQRT(($AF48-$AK48)^2+($AG48-$AL48)^2)) -> 19.455076 | AN48: 0 | AQ48: =IF(AN48=0,"",SQRT(($AF48-$AO48)^2+($AG48-$AP48)^2)) | AR48: 3 | AS48: 8 | AT48: 16.5 | AU48: =IF(AR48=0,"",SQRT(($AF48-$AS48)^2+($AG48-$AT48)^2)) -> 4.0311289
A49: 3 | B49: FCN | C49: =IF($A49="","",IF(VLOOKUP($A49,Spiele!$A$2:$D$16,3,FALSE)=$B49,"H","G")) -> H | D49: =IF($B49="","",IF(VLOOKUP($A49,Spiele!$A$2:$F$16,3,FALSE)=$B49,VLOOKUP($A49,Spiele!$A$2:$F$16,4,FALSE),VLOOKUP($A49,Spiele!$A$2:$F$16,3,FALSE))) -> TSV | E49: =IF(Abschlüsse[[#This Row],[Ergeb]]="ET",0,COUNTIFS($A$2:$A49,$A49,$B$2:$B49,$B49,$L$2:$L49,"<>ET")) -> 2 | F49: 4 | G49: 1 | H49: =COUNTIFS('Rote Karten'!$A$2:$A$4,$A49,'Rote Karten'!$D$2:$D$4,"<>"&$B49,'Rote Karten'!$B$2:$B$4,"<"&$F49,'Rote Karten'!$C$2:$C$4,"<="&$G49)-COUNTIFS('Rote Karten'!$A$2:$A$4,$A49,'Rote Karten'!$D$2:$D$4,$B49,'Rote Karten'!$B$2:$B$4,"<"&$F49,'Rote Karten'!$C$2:$C$4,"<="&$G49) -> 0 | I49: =IF(OR($L49="Tor",$L49="ET"),_xlfn.IFNA(IF(VLOOKUP($A49,Spiele!$A$2:$C$16,3,FALSE)=$B49,COUNTIFS($L$2:$L49,"Tor",$B$2:$B49,$B49,$A$2:$A49,$A49)+COUNTIFS($L$2:$L49,"ET",$B$2:$B49,$B49,$A$2:$A49,$A49)&":"&COUNTIFS($L$2:$L49,"Tor",$B$2:$B49,"<>"&$B49,$A$2:$A49,$A49)+COUNTIFS($L$2:$L49,"ET",$B$2:$B49,"<>"&$B49,$A$2:$A49,$A49),COUNTIFS($L$2:$L49,"Tor",$B$2:$B49,"<>"&$B49,$A$2:$A49,$A49)+COUNTIFS($L$2:$L49,"ET",$B$2:$B49,"<>"&$B49,$A$2:$A49,$A49)&":"&COUNTIFS($L$2:$L49,"Tor",$B$2:$B49,$B49,$A$2:$A49,$A49)+COUNTIFS($L$2:$L49,"ET",$B$2:$B49,$B49,$A$2:$A49,$A49)),""),"") | J49: =_xlfn.IFNA(IF(VLOOKUP($A49,Spiele!$A$2:$D$16,3,FALSE)=$B49,(COUNTIFS($L$1:$L48,"Tor",$B$1:$B48,$B49,$A$1:$A48,$A49)+COUNTIFS($L$1:$L48,"ET",$B$1:$B48,$B49,$A$1:$A48,$A49))-(COUNTIFS($L$1:$L48,"Tor",$B$1:$B48,"<>"&$B49,$A$1:$A48,$A49)+COUNTIFS($L$1:$L48,"ET",$B$1:$B48,"<>"&$B49,$A$1:$A48,$A49)),(COUNTIFS($L$1:$L48,"Tor",$B$1:$B48,$B49,$A$1:$A48,$A49)+COUNTIFS($L$1:$L48,"ET",$B$1:$B48,$B49,$A$1:$A48,$A49))-(COUNTIFS($L$1:$L48,"Tor",$B$1:$B48,"<>"&$B49,$A$1:$A48,$A49)+COUNTIFS($L$1:$L48,"ET",$B$1:$B48,"<>"&$B49,$A$1:$A48,$A49))),"") -> 0 | K49: 2 | L49: Vorbei | M49: E | N49: KB | O49: 9 | P49: 8 | AA49: As | AB49: K | AC49: Kopf | AD49: BzT | AE49: 13 | AF49: 3.5 | AG49: 1.5 | AH49: =IF($L49="ET","",IF($AF49>3.66,SQRT($AG49^2+($AF49-(7.32/2))^2),IF($AF49<-3.66,SQRT($AG49^2+($AF49+(7.32/2))^2),$AG49))) -> 1.5 | AI49: =IF($L49="ET","",IF(DEGREES(ATAN((7.32*$AG49)/($AG49^2+$AF49^2-(7.32/2)^2)))<=0,180+DEGREES(ATAN((7.32*$AG49)/($AG49^2+$AF49^2-(7.32/2)^2))),DEGREES(ATAN((7.32*$AG49)/($AG49^2+$AF49^2-(7.32/2)^2))))) -> 84.256343 | AJ49: nSB | AK49: -1 | AL49: 0.5 | AM49: =IF(Abschlüsse[[#This Row],[Ergeb]]="ET","",SQRT(($AF49-$AK49)^2+($AG49-$AL49)^2)) -> 4.6097722 | AN49: 1 | AO49: 4 | AP49: 1.5 | AQ49: =IF(AN49=0,"",SQRT(($AF49-$AO49)^2+($AG49-$AP49)^2)) -> 0.5 | AR49: 0 | AU49: =IF(AR49=0,"",SQRT(($AF49-$AS49)^2+($AG49-$AT49)^2))
A50: 3 | B50: TSV | C50: =IF($A50="","",IF(VLOOKUP($A50,Spiele!$A$2:$D$16,3,FALSE)=$B50,"H","G")) -> G | D50: =IF($B50="","",IF(VLOOKUP($A50,Spiele!$A$2:$F$16,3,FALSE)=$B50,VLOOKUP($A50,Spiele!$A$2:$F$16,4,FALSE),VLOOKUP($A50,Spiele!$A$2:$F$16,3,FALSE))) -> FCN | E50: =IF(Abschlüsse[[#This Row],[Ergeb]]="ET",0,COUNTIFS($A$2:$A50,$A50,$B$2:$B50,$B50,$L$2:$L50,"<>ET")) -> 1 | F50: 8 | G50: 1 | H50: =COUNTIFS('Rote Karten'!$A$2:$A$4,$A50,'Rote Karten'!$D$2:$D$4,"<>"&$B50,'Rote Karten'!$B$2:$B$4,"<"&$F50,'Rote Karten'!$C$2:$C$4,"<="&$G50)-COUNTIFS('Rote Karten'!$A$2:$A$4,$A50,'Rote Karten'!$D$2:$D$4,$B50,'Rote Karten'!$B$2:$B$4,"<"&$F50,'Rote Karten'!$C$2:$C$4,"<="&$G50) -> 0 | I50: =IF(OR($L50="Tor",$L50="ET"),_xlfn.IFNA(IF(VLOOKUP($A50,Spiele!$A$2:$C$16,3,FALSE)=$B50,COUNTIFS($L$2:$L50,"Tor",$B$2:$B50,$B50,$A$2:$A50,$A50)+COUNTIFS($L$2:$L50,"ET",$B$2:$B50,$B50,$A$2:$A50,$A50)&":"&COUNTIFS($L$2:$L50,"Tor",$B$2:$B50,"<>"&$B50,$A$2:$A50,$A50)+COUNTIFS($L$2:$L50,"ET",$B$2:$B50,"<>"&$B50,$A$2:$A50,$A50),COUNTIFS($L$2:$L50,"Tor",$B$2:$B50,"<>"&$B50,$A$2:$A50,$A50)+COUNTIFS($L$2:$L50,"ET",$B$2:$B50,"<>"&$B50,$A$2:$A50,$A50)&":"&COUNTIFS($L$2:$L50,"Tor",$B$2:$B50,$B50,$A$2:$A50,$A50)+COUNTIFS($L$2:$L50,"ET",$B$2:$B50,$B50,$A$2:$A50,$A50)),""),"") | J50: =_xlfn.IFNA(IF(VLOOKUP($A50,Spiele!$A$2:$D$16,3,FALSE)=$B50,(COUNTIFS($L$1:$L49,"Tor",$B$1:$B49,$B50,$A$1:$A49,$A50)+COUNTIFS($L$1:$L49,"ET",$B$1:$B49,$B50,$A$1:$A49,$A50))-(COUNTIFS($L$1:$L49,"Tor",$B$1:$B49,"<>"&$B50,$A$1:$A49,$A50)+COUNTIFS($L$1:$L49,"ET",$B$1:$B49,"<>"&$B50,$A$1:$A49,$A50)),(COUNTIFS($L$1:$L49,"Tor",$B$1:$B49,$B50,$A$1:$A49,$A50)+COUNTIFS($L$1:$L49,"ET",$B$1:$B49,$B50,$A$1:$A49,$A50))-(COUNTIFS($L$1:$L49,"Tor",$B$1:$B49,"<>"&$B50,$A$1:$A49,$A50)+COUNTIFS($L$1:$L49,"ET",$B$1:$B49,"<>"&$B50,$A$1:$A49,$A50))),"") -> 0 | K50: 3 | L50: Vorbei | M50: USO | N50: RP | AA50: vB | AB50: L | AC50: Fuß | AD50: BzT | AF50: 16.5 | AG50: 10 | AH50: =IF($L50="ET","",IF($AF50>3.66,SQRT($AG50^2+($AF50-(7.32/2))^2),IF($AF50<-3.66,SQRT($AG50^2+($AF50+(7.32/2))^2),$AG50))) -> 16.274692 | AI50: =IF($L50="ET","",IF(DEGREES(ATAN((7.32*$AG50)/($AG50^2+$AF50^2-(7.32/2)^2)))<=0,180+DEGREES(ATAN((7.32*$AG50)/($AG50^2+$AF50^2-(7.32/2)^2))),DEGREES(ATAN((7.32*$AG50)/($AG50^2+$AF50^2-(7.32/2)^2))))) -> 11.529165 | AJ50: SB | AK50: 3 | AL50: 0.5 | AM50: =IF(Abschlüsse[[#This Row],[Ergeb]]="ET","",SQRT(($AF50-$AK50)^2+($AG50-$AL50)^2)) -> 16.507574 | AN50: 1 | AO50: 14 | AP50: 10.5 | AQ50: =IF(AN50=0,"",SQRT(($AF50-$AO50)^2+($AG50-$AP50)^2)) -> 2.5495098 | AR50: 0 | AU50: =IF(AR50=0,"",SQRT(($AF50-$AS50)^2+($AG50-$AT50)^2))
A51: 3 | B51: TSV | C51: =IF($A51="","",IF(VLOOKUP($A51,Spiele!$A$2:$D$16,3,FALSE)=$B51,"H","G")) -> G | D51: =IF($B51="","",IF(VLOOKUP($A51,Spiele!$A$2:$F$16,3,FALSE)=$B51,VLOOKUP($A51,Spiele!$A$2:$F$16,4,FALSE),VLOOKUP($A51,Spiele!$A$2:$F$16,3,FALSE))) -> FCN | E51: =IF(Abschlüsse[[#This Row],[Ergeb]]="ET",0,COUNTIFS($A$2:$A51,$A51,$B$2:$B51,$B51,$L$2:$L51,"<>ET")) -> 2 | F51: 8 | G51: 1 | H51: =COUNTIFS('Rote Karten'!$A$2:$A$4,$A51,'Rote Karten'!$D$2:$D$4,"<>"&$B51,'Rote Karten'!$B$2:$B$4,"<"&$F51,'Rote Karten'!$C$2:$C$4,"<="&$G51)-COUNTIFS('Rote Karten'!$A$2:$A$4,$A51,'Rote Karten'!$D$2:$D$4,$B51,'Rote Karten'!$B$2:$B$4,"<"&$F51,'Rote Karten'!$C$2:$C$4,"<="&$G51) -> 0 | I51: =IF(OR($L51="Tor",$L51="ET"),_xlfn.IFNA(IF(VLOOKUP($A51,Spiele!$A$2:$C$16,3,FALSE)=$B51,COUNTIFS($L$2:$L51,"Tor",$B$2:$B51,$B51,$A$2:$A51,$A51)+COUNTIFS($L$2:$L51,"ET",$B$2:$B51,$B51,$A$2:$A51,$A51)&":"&COUNTIFS($L$2:$L51,"Tor",$B$2:$B51,"<>"&$B51,$A$2:$A51,$A51)+COUNTIFS($L$2:$L51,"ET",$B$2:$B51,"<>"&$B51,$A$2:$A51,$A51),COUNTIFS($L$2:$L51,"Tor",$B$2:$B51,"<>"&$B51,$A$2:$A51,$A51)+COUNTIFS($L$2:$L51,"ET",$B$2:$B51,"<>"&$B51,$A$2:$A51,$A51)&":"&COUNTIFS($L$2:$L51,"Tor",$B$2:$B51,$B51,$A$2:$A51,$A51)+COUNTIFS($L$2:$L51,"ET",$B$2:$B51,$B51,$A$2:$A51,$A51)),""),"") | J51: =_xlfn.IFNA(IF(VLOOKUP($A51,Spiele!$A$2:$D$16,3,FALSE)=$B51,(COUNTIFS($L$1:$L50,"Tor",$B$1:$B50,$B51,$A$1:$A50,$A51)+COUNTIFS($L$1:$L50,"ET",$B$1:$B50,$B51,$A$1:$A50,$A51))-(COUNTIFS($L$1:$L50,"Tor",$B$1:$B50,"<>"&$B51,$A$1:$A50,$A51)+COUNTIFS($L$1:$L50,"ET",$B$1:$B50,"<>"&$B51,$A$1:$A50,$A51)),(COUNTIFS($L$1:$L50,"Tor",$B$1:$B50,$B51,$A$1:$A50,$A51)+COUNTIFS($L$1:$L50,"ET",$B$1:$B50,$B51,$A$1:$A50,$A51))-(COUNTIFS($L$1:$L50,"Tor",$B$1:$B50,"<>"&$B51,$A$1:$A50,$A51)+COUNTIFS($L$1:$L50,"ET",$B$1:$B50,"<>"&$B51,$A$1:$A50,$A51))),"") -> 0 | K51: 4 | L51: Save | M51: USO | N51: D | AA51: nd | AB51: R | AC51: Fuß | AD51: adD | AF51: -10 | AG51: 19.5 | AH51: =IF($L51="ET","",IF($AF51>3.66,SQRT($AG51^2+($AF51-(7.32/2))^2),IF($AF51<-3.66,SQRT($AG51^2+($AF51+(7.32/2))^2),$AG51))) -> 20.50477 | AI51: =IF($L51="ET","",IF(DEGREES(ATAN((7.32*$AG51)/($AG51^2+$AF51^2-(7.32/2)^2)))<=0,180+DEGREES(ATAN((7.32*$AG51)/($AG51^2+$AF51^2-(7.32/2)^2))),DEGREES(ATAN((7.32*$AG51)/($AG51^2+$AF51^2-(7.32/2)^2))))) -> 17.00093 | AJ51: SB | AK51: -1.5 | AL51: 1.5 | AM51: =IF(Abschlüsse[[#This Row],[Ergeb]]="ET","",SQRT(($AF51-$AK51)^2+($AG51-$AL51)^2)) -> 19.906029 | AN51: 1 | AO51: -10.5 | AP51: 18.5 | AQ51: =IF(AN51=0,"",SQRT(($AF51-$AO51)^2+($AG51-$AP51)^2)) -> 1.118034 | AR51: 1 | AS51: -9 | AT51: 16.5 | AU51: =IF(AR51=0,"",SQRT(($AF51-$AS51)^2+($AG51-$AT51)^2)) -> 3.1622777
A52: 3 | B52: TSV | C52: =IF($A52="","",IF(VLOOKUP($A52,Spiele!$A$2:$D$16,3,FALSE)=$B52,"H","G")) -> G | D52: =IF($B52="","",IF(VLOOKUP($A52,Spiele!$A$2:$F$16,3,FALSE)=$B52,VLOOKUP($A52,Spiele!$A$2:$F$16,4,FALSE),VLOOKUP($A52,Spiele!$A$2:$F$16,3,FALSE))) -> FCN | E52: =IF(Abschlüsse[[#This Row],[Ergeb]]="ET",0,COUNTIFS($A$2:$A52,$A52,$B$2:$B52,$B52,$L$2:$L52,"<>ET")) -> 3 | F52: 10 | G52: 1 | H52: =COUNTIFS('Rote Karten'!$A$2:$A$4,$A52,'Rote Karten'!$D$2:$D$4,"<>"&$B52,'Rote Karten'!$B$2:$B$4,"<"&$F52,'Rote Karten'!$C$2:$C$4,"<="&$G52)-COUNTIFS('Rote Karten'!$A$2:$A$4,$A52,'Rote Karten'!$D$2:$D$4,$B52,'Rote Karten'!$B$2:$B$4,"<"&$F52,'Rote Karten'!$C$2:$C$4,"<="&$G52) -> 0 | I52: =IF(OR($L52="Tor",$L52="ET"),_xlfn.IFNA(IF(VLOOKUP($A52,Spiele!$A$2:$C$16,3,FALSE)=$B52,COUNTIFS($L$2:$L52,"Tor",$B$2:$B52,$B52,$A$2:$A52,$A52)+COUNTIFS($L$2:$L52,"ET",$B$2:$B52,$B52,$A$2:$A52,$A52)&":"&COUNTIFS($L$2:$L52,"Tor",$B$2:$B52,"<>"&$B52,$A$2:$A52,$A52)+COUNTIFS($L$2:$L52,"ET",$B$2:$B52,"<>"&$B52,$A$2:$A52,$A52),COUNTIFS($L$2:$L52,"Tor",$B$2:$B52,"<>"&$B52,$A$2:$A52,$A52)+COUNTIFS($L$2:$L52,"ET",$B$2:$B52,"<>"&$B52,$A$2:$A52,$A52)&":"&COUNTIFS($L$2:$L52,"Tor",$B$2:$B52,$B52,$A$2:$A52,$A52)+COUNTIFS($L$2:$L52,"ET",$B$2:$B52,$B52,$A$2:$A52,$A52)),""),"") | J52: =_xlfn.IFNA(IF(VLOOKUP($A52,Spiele!$A$2:$D$16,3,FALSE)=$B52,(COUNTIFS($L$1:$L51,"Tor",$B$1:$B51,$B52,$A$1:$A51,$A52)+COUNTIFS($L$1:$L51,"ET",$B$1:$B51,$B52,$A$1:$A51,$A52))-(COUNTIFS($L$1:$L51,"Tor",$B$1:$B51,"<>"&$B52,$A$1:$A51,$A52)+COUNTIFS($L$1:$L51,"ET",$B$1:$B51,"<>"&$B52,$A$1:$A51,$A52)),(COUNTIFS($L$1:$L51,"Tor",$B$1:$B51,$B52,$A$1:$A51,$A52)+COUNTIFS($L$1:$L51,"ET",$B$1:$B51,$B52,$A$1:$A51,$A52))-(COUNTIFS($L$1:$L51,"Tor",$B$1:$B51,"<>"&$B52,$A$1:$A51,$A52)+COUNTIFS($L$1:$L51,"ET",$B$1:$B51,"<>"&$B52,$A$1:$A51,$A52))),"") -> 0 | K52: 5 | L52: Save | M52: USO | N52: RP | AA52: vB | AB52: R | AC52: Fuß | AD52: BzT | AF52: -15.5 | AG52: 17.5 | AH52: =IF($L52="ET","",IF($AF52>3.66,SQRT($AG52^2+($AF52-(7.32/2))^2),IF($AF52<-3.66,SQRT($AG52^2+($AF52+(7.32/2))^2),$AG52))) -> 21.129023 | AI52: =IF($L52="ET","",IF(DEGREES(ATAN((7.32*$AG52)/($AG52^2+$AF52^2-(7.32/2)^2)))<=0,180+DEGREES(ATAN((7.32*$AG52)/($AG52^2+$AF52^2-(7.32/2)^2))),DEGREES(ATAN((7.32*$AG52)/($AG52^2+$AF52^2-(7.32/2)^2))))) -> 13.511478 | AJ52: SB | AK52: -3 | AL52: 1 | AM52: =IF(Abschlüsse[[#This Row],[Ergeb]]="ET","",SQRT(($AF52-$AK52)^2+($AG52-$AL52)^2)) -> 20.700242 | AN52: 1 | AO52: -15.5 | AP52: 19 | AQ52: =IF(AN52=0,"",SQRT(($AF52-$AO52)^2+($AG52-$AP52)^2)) -> 1.5 | AR52: 0 | AU52: =IF(AR52=0,"",SQRT(($AF52-$AS52)^2+($AG52-$AT52)^2))
A53: 3 | B53: FCN | C53: =IF($A53="","",IF(VLOOKUP($A53,Spiele!$A$2:$D$16,3,FALSE)=$B53,"H","G")) -> H | D53: =IF($B53="","",IF(VLOOKUP($A53,Spiele!$A$2:$F$16,3,FALSE)=$B53,VLOOKUP($A53,Spiele!$A$2:$F$16,4,FALSE),VLOOKUP($A53,Spiele!$A$2:$F$16,3,FALSE))) -> TSV | E53: =IF(Abschlüsse[[#This Row],[Ergeb]]="ET",0,COUNTIFS($A$2:$A53,$A53,$B$2:$B53,$B53,$L$2:$L53,"<>ET")) -> 3 | F53: 11 | G53: 1 | H53: =COUNTIFS('Rote Karten'!$A$2:$A$4,$A53,'Rote Karten'!$D$2:$D$4,"<>"&$B53,'Rote Karten'!$B$2:$B$4,"<"&$F53,'Rote Karten'!$C$2:$C$4,"<="&$G53)-COUNTIFS('Rote Karten'!$A$2:$A$4,$A53,'Rote Karten'!$D$2:$D$4,$B53,'Rote Karten'!$B$2:$B$4,"<"&$F53,'Rote Karten'!$C$2:$C$4,"<="&$G53) -> 0 | I53: =IF(OR($L53="Tor",$L53="ET"),_xlfn.IFNA(IF(VLOOKUP($A53,Spiele!$A$2:$C$16,3,FALSE)=$B53,COUNTIFS($L$2:$L53,"Tor",$B$2:$B53,$B53,$A$2:$A53,$A53)+COUNTIFS($L$2:$L53,"ET",$B$2:$B53,$B53,$A$2:$A53,$A53)&":"&COUNTIFS($L$2:$L53,"Tor",$B$2:$B53,"<>"&$B53,$A$2:$A53,$A53)+COUNTIFS($L$2:$L53,"ET",$B$2:$B53,"<>"&$B53,$A$2:$A53,$A53),COUNTIFS($L$2:$L53,"Tor",$B$2:$B53,"<>"&$B53,$A$2:$A53,$A53)+COUNTIFS($L$2:$L53,"ET",$B$2:$B53,"<>"&$B53,$A$2:$A53,$A53)&":"&COUNTIFS($L$2:$L53,"Tor",$B$2:$B53,$B53,$A$2:$A53,$A53)+COUNTIFS($L$2:$L53,"ET",$B$2:$B53,$B53,$A$2:$A53,$A53)),""),"") | J53: =_xlfn.IFNA(IF(VLOOKUP($A53,Spiele!$A$2:$D$16,3,FALSE)=$B53,(COUNTIFS($L$1:$L52,"Tor",$B$1:$B52,$B53,$A$1:$A52,$A53)+COUNTIFS($L$1:$L52,"ET",$B$1:$B52,$B53,$A$1:$A52,$A53))-(COUNTIFS($L$1:$L52,"Tor",$B$1:$B52,"<>"&$B53,$A$1:$A52,$A53)+COUNTIFS($L$1:$L52,"ET",$B$1:$B52,"<>"&$B53,$A$1:$A52,$A53)),(COUNTIFS($L$1:$L52,"Tor",$B$1:$B52,$B53,$A$1:$A52,$A53)+COUNTIFS($L$1:$L52,"ET",$B$1:$B52,$B53,$A$1:$A52,$A53))-(COUNTIFS($L$1:$L52,"Tor",$B$1:$B52,"<>"&$B53,$A$1:$A52,$A53)+COUNTIFS($L$1:$L52,"ET",$B$1:$B52,"<>"&$B53,$A$1:$A52,$A53))),"") -> 0 | K53: 6 | L53: Block | M53: EB | N53: AP | AA53: nd | AB53: L | AC53: Fuß | AD53: BzT | AE53: 9 | AF53: 9.5 | AG53: 9 | AH53: =IF($L53="ET","",IF($AF53>3.66,SQRT($AG53^2+($AF53-(7.32/2))^2),IF($AF53<-3.66,SQRT($AG53^2+($AF53+(7.32/2))^2),$AG53))) -> 10.728728 | AI53: =IF($L53="ET","",IF(DEGREES(ATAN((7.32*$AG53)/($AG53^2+$AF53^2-(7.32/2)^2)))<=0,180+DEGREES(ATAN((7.32*$AG53)/($AG53^2+$AF53^2-(7.32/2)^2))),DEGREES(ATAN((7.32*$AG53)/($AG53^2+$AF53^2-(7.32/2)^2))))) -> 22.653052 | AJ53: SB | AK53: 3 | AL53: 1.5 | AM53: =IF(Abschlüsse[[#This Row],[Ergeb]]="ET","",SQRT(($AF53-$AK53)^2+($AG53-$AL53)^2)) -> 9.9247166 | AN53: 1 | AO53: 11.5 | AP53: 9 | AQ53: =IF(AN53=0,"",SQRT(($AF53-$AO53)^2+($AG53-$AP53)^2)) -> 2 | AR53: 1 | AS53: 9 | AT53: 8.5 | AU53: =IF(AR53=0,"",SQRT(($AF53-$AS53)^2+($AG53-$AT53)^2)) -> 0.70710678
A54: 3 | B54: FCN | C54: =IF($A54="","",IF(VLOOKUP($A54,Spiele!$A$2:$D$16,3,FALSE)=$B54,"H","G")) -> H | D54: =IF($B54="","",IF(VLOOKUP($A54,Spiele!$A$2:$F$16,3,FALSE)=$B54,VLOOKUP($A54,Spiele!$A$2:$F$16,4,FALSE),VLOOKUP($A54,Spiele!$A$2:$F$16,3,FALSE))) -> TSV | E54: =IF(Abschlüsse[[#This Row],[Ergeb]]="ET",0,COUNTIFS($A$2:$A54,$A54,$B$2:$B54,$B54,$L$2:$L54,"<>ET")) -> 4 | F54: 13 | G54: 1 | H54: =COUNTIFS('Rote Karten'!$A$2:$A$4,$A54,'Rote Karten'!$D$2:$D$4,"<>"&$B54,'Rote Karten'!$B$2:$B$4,"<"&$F54,'Rote Karten'!$C$2:$C$4,"<="&$G54)-COUNTIFS('Rote Karten'!$A$2:$A$4,$A54,'Rote Karten'!$D$2:$D$4,$B54,'Rote Karten'!$B$2:$B$4,"<"&$F54,'Rote Karten'!$C$2:$C$4,"<="&$G54) -> 0 | I54: =IF(OR($L54="Tor",$L54="ET"),_xlfn.IFNA(IF(VLOOKUP($A54,Spiele!$A$2:$C$16,3,FALSE)=$B54,COUNTIFS($L$2:$L54,"Tor",$B$2:$B54,$B54,$A$2:$A54,$A54)+COUNTIFS($L$2:$L54,"ET",$B$2:$B54,$B54,$A$2:$A54,$A54)&":"&COUNTIFS($L$2:$L54,"Tor",$B$2:$B54,"<>"&$B54,$A$2:$A54,$A54)+COUNTIFS($L$2:$L54,"ET",$B$2:$B54,"<>"&$B54,$A$2:$A54,$A54),COUNTIFS($L$2:$L54,"Tor",$B$2:$B54,"<>"&$B54,$A$2:$A54,$A54)+COUNTIFS($L$2:$L54,"ET",$B$2:$B54,"<>"&$B54,$A$2:$A54,$A54)&":"&COUNTIFS($L$2:$L54,"Tor",$B$2:$B54,$B54,$A$2:$A54,$A54)+COUNTIFS($L$2:$L54,"ET",$B$2:$B54,$B54,$A$2:$A54,$A54)),""),"") -> 1:0 | J54: =_xlfn.IFNA(IF(VLOOKUP($A54,Spiele!$A$2:$D$16,3,FALSE)=$B54,(COUNTIFS($L$1:$L53,"Tor",$B$1:$B53,$B54,$A$1:$A53,$A54)+COUNTIFS($L$1:$L53,"ET",$B$1:$B53,$B54,$A$1:$A53,$A54))-(COUNTIFS($L$1:$L53,"Tor",$B$1:$B53,"<>"&$B54,$A$1:$A53,$A54)+COUNTIFS($L$1:$L53,"ET",$B$1:$B53,"<>"&$B54,$A$1:$A53,$A54)),(COUNTIFS($L$1:$L53,"Tor",$B$1:$B53,$B54,$A$1:$A53,$A54)+COUNTIFS($L$1:$L53,"ET",$B$1:$B53,$B54,$A$1:$A53,$A54))-(COUNTIFS($L$1:$L53,"Tor",$B$1:$B53,"<>"&$B54,$A$1:$A53,$A54)+COUNTIFS($L$1:$L53,"ET",$B$1:$B53,"<>"&$B54,$A$1:$A53,$A54))),"") -> 0 | K54: 7 | L54: Tor | M54: 11M | AA54: vB | AB54: R | AC54: Fuß | AD54: BzT | AE54: 7 | AF54: 0 | AG54: 11 | AH54: =IF($L54="ET","",IF($AF54>3.66,SQRT($AG54^2+($AF54-(7.32/2))^2),IF($AF54<-3.66,SQRT($AG54^2+($AF54+(7.32/2))^2),$AG54))) -> 11 | AI54: =IF($L54="ET","",IF(DEGREES(ATAN((7.32*$AG54)/($AG54^2+$AF54^2-(7.32/2)^2)))<=0,180+DEGREES(ATAN((7.32*$AG54)/($AG54^2+$AF54^2-(7.32/2)^2))),DEGREES(ATAN((7.32*$AG54)/($AG54^2+$AF54^2-(7.32/2)^2))))) -> 36.807382 | AJ54: SB | AK54: 0 | AL54: 0 | AM54: =IF(Abschlüsse[[#This Row],[Ergeb]]="ET","",SQRT(($AF54-$AK54)^2+($AG54-$AL54)^2)) -> 11 | AN54: 0 | AQ54: =IF(AN54=0,"",SQRT(($AF54-$AO54)^2+($AG54-$AP54)^2)) | AR54: 0 | AU54: =IF(AR54=0,"",SQRT(($AF54-$AS54)^2+($AG54-$AT54)^2))
A55: 3 | B55: FCN | C55: =IF($A55="","",IF(VLOOKUP($A55,Spiele!$A$2:$D$16,3,FALSE)=$B55,"H","G")) -> H | D55: =IF($B55="","",IF(VLOOKUP($A55,Spiele!$A$2:$F$16,3,FALSE)=$B55,VLOOKUP($A55,Spiele!$A$2:$F$16,4,FALSE),VLOOKUP($A55,Spiele!$A$2:$F$16,3,FALSE))) -> TSV | E55: =IF(Abschlüsse[[#This Row],[Ergeb]]="ET",0,COUNTIFS($A$2:$A55,$A55,$B$2:$B55,$B55,$L$2:$L55,"<>ET")) -> 5 | F55: 14 | G55: 1 | H55: =COUNTIFS('Rote Karten'!$A$2:$A$4,$A55,'Rote Karten'!$D$2:$D$4,"<>"&$B55,'Rote Karten'!$B$2:$B$4,"<"&$F55,'Rote Karten'!$C$2:$C$4,"<="&$G55)-COUNTIFS('Rote Karten'!$A$2:$A$4,$A55,'Rote Karten'!$D$2:$D$4,$B55,'Rote Karten'!$B$2:$B$4,"<"&$F55,'Rote Karten'!$C$2:$C$4,"<="&$G55) -> 0 | I55: =IF(OR($L55="Tor",$L55="ET"),_xlfn.IFNA(IF(VLOOKUP($A55,Spiele!$A$2:$C$16,3,FALSE)=$B55,COUNTIFS($L$2:$L55,"Tor",$B$2:$B55,$B55,$A$2:$A55,$A55)+COUNTIFS($L$2:$L55,"ET",$B$2:$B55,$B55,$A$2:$A55,$A55)&":"&COUNTIFS($L$2:$L55,"Tor",$B$2:$B55,"<>"&$B55,$A$2:$A55,$A55)+COUNTIFS($L$2:$L55,"ET",$B$2:$B55,"<>"&$B55,$A$2:$A55,$A55),COUNTIFS($L$2:$L55,"Tor",$B$2:$B55,"<>"&$B55,$A$2:$A55,$A55)+COUNTIFS($L$2:$L55,"ET",$B$2:$B55,"<>"&$B55,$A$2:$A55,$A55)&":"&COUNTIFS($L$2:$L55,"Tor",$B$2:$B55,$B55,$A$2:$A55,$A55)+COUNTIFS($L$2:$L55,"ET",$B$2:$B55,$B55,$A$2:$A55,$A55)),""),"") | J55: =_xlfn.IFNA(IF(VLOOKUP($A55,Spiele!$A$2:$D$16,3,FALSE)=$B55,(COUNTIFS($L$1:$L54,"Tor",$B$1:$B54,$B55,$A$1:$A54,$A55)+COUNTIFS($L$1:$L54,"ET",$B$1:$B54,$B55,$A$1:$A54,$A55))-(COUNTIFS($L$1:$L54,"Tor",$B$1:$B54,"<>"&$B55,$A$1:$A54,$A55)+COUNTIFS($L$1:$L54,"ET",$B$1:$B54,"<>"&$B55,$A$1:$A54,$A55)),(COUNTIFS($L$1:$L54,"Tor",$B$1:$B54,$B55,$A$1:$A54,$A55)+COUNTIFS($L$1:$L54,"ET",$B$1:$B54,$B55,$A$1:$A54,$A55))-(COUNTIFS($L$1:$L54,"Tor",$B$1:$B54,"<>"&$B55,$A$1:$A54,$A55)+COUNTIFS($L$1:$L54,"ET",$B$1:$B54,"<>"&$B55,$A$1:$A54,$A55))),"") -> 1 | K55: 8 | L55: Save | M55: EB | N55: RP | O55: 9 | AA55: nd | AB55: R | AC55: Fuß | AD55: adD | AE55: 7 | AF55: -3 | AG55: 12 | AH55: =IF($L55="ET","",IF($AF55>3.66,SQRT($AG55^2+($AF55-(7.32/2))^2),IF($AF55<-3.66,SQRT($AG55^2+($AF55+(7.32/2))^2),$AG55))) -> 12 | AI55: =IF($L55="ET","",IF(DEGREES(ATAN((7.32*$AG55)/($AG55^2+$AF55^2-(7.32/2)^2)))<=0,180+DEGREES(ATAN((7.32*$AG55)/($AG55^2+$AF55^2-(7.32/2)^2))),DEGREES(ATAN((7.32*$AG55)/($AG55^2+$AF55^2-(7.32/2)^2))))) -> 32.178371 | AJ55: SB | AK55: -0.5 | AL55: 2 | AM55: =IF(Abschlüsse[[#This Row],[Ergeb]]="ET","",SQRT(($AF55-$AK55)^2+($AG55-$AL55)^2)) -> 10.307764 | AN55: 1 | AO55: -5 | AP55: 11 | AQ55: =IF(AN55=0,"",SQRT(($AF55-$AO55)^2+($AG55-$AP55)^2)) -> 2.236068 | AR55: 1 | AS55: -3 | AT55: 11.5 | AU55: =IF(AR55=0,"",SQRT(($AF55-$AS55)^2+($AG55-$AT55)^2)) -> 0.5
A56: 3 | B56: TSV | C56: =IF($A56="","",IF(VLOOKUP($A56,Spiele!$A$2:$D$16,3,FALSE)=$B56,"H","G")) -> G | D56: =IF($B56="","",IF(VLOOKUP($A56,Spiele!$A$2:$F$16,3,FALSE)=$B56,VLOOKUP($A56,Spiele!$A$2:$F$16,4,FALSE),VLOOKUP($A56,Spiele!$A$2:$F$16,3,FALSE))) -> FCN | E56: =IF(Abschlüsse[[#This Row],[Ergeb]]="ET",0,COUNTIFS($A$2:$A56,$A56,$B$2:$B56,$B56,$L$2:$L56,"<>ET")) -> 4 | F56: 16 | G56: 1 | H56: =COUNTIFS('Rote Karten'!$A$2:$A$4,$A56,'Rote Karten'!$D$2:$D$4,"<>"&$B56,'Rote Karten'!$B$2:$B$4,"<"&$F56,'Rote Karten'!$C$2:$C$4,"<="&$G56)-COUNTIFS('Rote Karten'!$A$2:$A$4,$A56,'Rote Karten'!$D$2:$D$4,$B56,'Rote Karten'!$B$2:$B$4,"<"&$F56,'Rote Karten'!$C$2:$C$4,"<="&$G56) -> 0 | I56: =IF(OR($L56="Tor",$L56="ET"),_xlfn.IFNA(IF(VLOOKUP($A56,Spiele!$A$2:$C$16,3,FALSE)=$B56,COUNTIFS($L$2:$L56,"Tor",$B$2:$B56,$B56,$A$2:$A56,$A56)+COUNTIFS($L$2:$L56,"ET",$B$2:$B56,$B56,$A$2:$A56,$A56)&":"&COUNTIFS($L$2:$L56,"Tor",$B$2:$B56,"<>"&$B56,$A$2:$A56,$A56)+COUNTIFS($L$2:$L56,"ET",$B$2:$B56,"<>"&$B56,$A$2:$A56,$A56),COUNTIFS($L$2:$L56,"Tor",$B$2:$B56,"<>"&$B56,$A$2:$A56,$A56)+COUNTIFS($L$2:$L56,"ET",$B$2:$B56,"<>"&$B56,$A$2:$A56,$A56)&":"&COUNTIFS($L$2:$L56,"Tor",$B$2:$B56,$B56,$A$2:$A56,$A56)+COUNTIFS($L$2:$L56,"ET",$B$2:$B56,$B56,$A$2:$A56,$A56)),""),"") -> 1:1 | J56: =_xlfn.IFNA(IF(VLOOKUP($A56,Spiele!$A$2:$D$16,3,FALSE)=$B56,(COUNTIFS($L$1:$L55,"Tor",$B$1:$B55,$B56,$A$1:$A55,$A56)+COUNTIFS($L$1:$L55,"ET",$B$1:$B55,$B56,$A$1:$A55,$A56))-(COUNTIFS($L$1:$L55,"Tor",$B$1:$B55,"<>"&$B56,$A$1:$A55,$A56)+COUNTIFS($L$1:$L55,"ET",$B$1:$B55,"<>"&$B56,$A$1:$A55,$A56)),(COUNTIFS($L$1:$L55,"Tor",$B$1:$B55,$B56,$A$1:$A55,$A56)+COUNTIFS($L$1:$L55,"ET",$B$1:$B55,$B56,$A$1:$A55,$A56))-(COUNTIFS($L$1:$L55,"Tor",$B$1:$B55,"<>"&$B56,$A$1:$A55,$A56)+COUNTIFS($L$1:$L55,"ET",$B$1:$B55,"<>"&$B56,$A$1:$A55,$A56))),"") -> -1 | K56: 9 | L56: Tor | M56: USO | N56: RP | AA56: vB | AB56: R | AC56: Fuß | AD56: BzT | AF56: 5 | AG56: 6 | AH56: =IF($L56="ET","",IF($AF56>3.66,SQRT($AG56^2+($AF56-(7.32/2))^2),IF($AF56<-3.66,SQRT($AG56^2+($AF56+(7.32/2))^2),$AG56))) -> 6.1478126 | AI56: =IF($L56="ET","",IF(DEGREES(ATAN((7.32*$AG56)/($AG56^2+$AF56^2-(7.32/2)^2)))<=0,180+DEGREES(ATAN((7.32*$AG56)/($AG56^2+$AF56^2-(7.32/2)^2))),DEGREES(ATAN((7.32*$AG56)/($AG56^2+$AF56^2-(7.32/2)^2))))) -> 42.69475 | AJ56: SB | AK56: 1 | AL56: 0.5 | AM56: =IF(Abschlüsse[[#This Row],[Ergeb]]="ET","",SQRT(($AF56-$AK56)^2+($AG56-$AL56)^2)) -> 6.8007353 | AN56: 1 | AO56: 3 | AP56: 6.5 | AQ56: =IF(AN56=0,"",SQRT(($AF56-$AO56)^2+($AG56-$AP56)^2)) -> 2.0615528 | AR56: 2 | AS56: 4 | AT56: 3 | AU56: =IF(AR56=0,"",SQRT(($AF56-$AS56)^2+($AG56-$AT56)^2)) -> 3.1622777
A57: 3 | B57: TSV | C57: =IF($A57="","",IF(VLOOKUP($A57,Spiele!$A$2:$D$16,3,FALSE)=$B57,"H","G")) -> G | D57: =IF($B57="","",IF(VLOOKUP($A57,Spiele!$A$2:$F$16,3,FALSE)=$B57,VLOOKUP($A57,Spiele!$A$2:$F$16,4,FALSE),VLOOKUP($A57,Spiele!$A$2:$F$16,3,FALSE))) -> FCN | E57: =IF(Abschlüsse[[#This Row],[Ergeb]]="ET",0,COUNTIFS($A$2:$A57,$A57,$B$2:$B57,$B57,$L$2:$L57,"<>ET")) -> 5 | F57: 19 | G57: 1 | H57: =COUNTIFS('Rote Karten'!$A$2:$A$4,$A57,'Rote Karten'!$D$2:$D$4,"<>"&$B57,'Rote Karten'!$B$2:$B$4,"<"&$F57,'Rote Karten'!$C$2:$C$4,"<="&$G57)-COUNTIFS('Rote Karten'!$A$2:$A$4,$A57,'Rote Karten'!$D$2:$D$4,$B57,'Rote Karten'!$B$2:$B$4,"<"&$F57,'Rote Karten'!$C$2:$C$4,"<="&$G57) -> 0 | I57: =IF(OR($L57="Tor",$L57="ET"),_xlfn.IFNA(IF(VLOOKUP($A57,Spiele!$A$2:$C$16,3,FALSE)=$B57,COUNTIFS($L$2:$L57,"Tor",$B$2:$B57,$B57,$A$2:$A57,$A57)+COUNTIFS($L$2:$L57,"ET",$B$2:$B57,$B57,$A$2:$A57,$A57)&":"&COUNTIFS($L$2:$L57,"Tor",$B$2:$B57,"<>"&$B57,$A$2:$A57,$A57)+COUNTIFS($L$2:$L57,"ET",$B$2:$B57,"<>"&$B57,$A$2:$A57,$A57),COUNTIFS($L$2:$L57,"Tor",$B$2:$B57,"<>"&$B57,$A$2:$A57,$A57)+COUNTIFS($L$2:$L57,"ET",$B$2:$B57,"<>"&$B57,$A$2:$A57,$A57)&":"&COUNTIFS($L$2:$L57,"Tor",$B$2:$B57,$B57,$A$2:$A57,$A57)+COUNTIFS($L$2:$L57,"ET",$B$2:$B57,$B57,$A$2:$A57,$A57)),""),"") | J57: =_xlfn.IFNA(IF(VLOOKUP($A57,Spiele!$A$2:$D$16,3,FALSE)=$B57,(COUNTIFS($L$1:$L56,"Tor",$B$1:$B56,$B57,$A$1:$A56,$A57)+COUNTIFS($L$1:$L56,"ET",$B$1:$B56,$B57,$A$1:$A56,$A57))-(COUNTIFS($L$1:$L56,"Tor",$B$1:$B56,"<>"&$B57,$A$1:$A56,$A57)+COUNTIFS($L$1:$L56,"ET",$B$1:$B56,"<>"&$B57,$A$1:$A56,$A57)),(COUNTIFS($L$1:$L56,"Tor",$B$1:$B56,$B57,$A$1:$A56,$A57)+COUNTIFS($L$1:$L56,"ET",$B$1:$B56,$B57,$A$1:$A56,$A57))-(COUNTIFS($L$1:$L56,"Tor",$B$1:$B56,"<>"&$B57,$A$1:$A56,$A57)+COUNTIFS($L$1:$L56,"ET",$B$1:$B56,"<>"&$B57,$A$1:$A56,$A57))),"") -> 0 | K57: 10 | L57: Vorbei | M57: USO | N57: TB | AA57: As | AB57: R | AC57: Son | AD57: BzT | AF57: -8.5 | AG57: 17 | AH57: =IF($L57="ET","",IF($AF57>3.66,SQRT($AG57^2+($AF57-(7.32/2))^2),IF($AF57<-3.66,SQRT($AG57^2+($AF57+(7.32/2))^2),$AG57))) -> 17.675565 | AI57: =IF($L57="ET","",IF(DEGREES(ATAN((7.32*$AG57)/($AG57^2+$AF57^2-(7.32/2)^2)))<=0,180+DEGREES(ATAN((7.32*$AG57)/($AG57^2+$AF57^2-(7.32/2)^2))),DEGREES(ATAN((7.32*$AG57)/($AG57^2+$AF57^2-(7.32/2)^2))))) -> 19.683952 | AJ57: SB | AK57: -3.5 | AL57: 6 | AM57: =IF(Abschlüsse[[#This Row],[Ergeb]]="ET","",SQRT(($AF57-$AK57)^2+($AG57-$AL57)^2)) -> 12.083046 | AN57: 1 | AO57: -6.5 | AP57: 18.5 | AQ57: =IF(AN57=0,"",SQRT(($AF57-$AO57)^2+($AG57-$AP57)^2)) -> 2.5 | AR57: 0 | AU57: =IF(AR57=0,"",SQRT(($AF57-$AS57)^2+($AG57-$AT57)^2))
A58: 3 | B58: FCN | C58: =IF($A58="","",IF(VLOOKUP($A58,Spiele!$A$2:$D$16,3,FALSE)=$B58,"H","G")) -> H | D58: =IF($B58="","",IF(VLOOKUP($A58,Spiele!$A$2:$F$16,3,FALSE)=$B58,VLOOKUP($A58,Spiele!$A$2:$F$16,4,FALSE),VLOOKUP($A58,Spiele!$A$2:$F$16,3,FALSE))) -> TSV | E58: =IF(Abschlüsse[[#This Row],[Ergeb]]="ET",0,COUNTIFS($A$2:$A58,$A58,$B$2:$B58,$B58,$L$2:$L58,"<>ET")) -> 6 | F58: 20 | G58: 1 | H58: =COUNTIFS('Rote Karten'!$A$2:$A$4,$A58,'Rote Karten'!$D$2:$D$4,"<>"&$B58,'Rote Karten'!$B$2:$B$4,"<"&$F58,'Rote Karten'!$C$2:$C$4,"<="&$G58)-COUNTIFS('Rote Karten'!$A$2:$A$4,$A58,'Rote Karten'!$D$2:$D$4,$B58,'Rote Karten'!$B$2:$B$4,"<"&$F58,'Rote Karten'!$C$2:$C$4,"<="&$G58) -> 0 | I58: =IF(OR($L58="Tor",$L58="ET"),_xlfn.IFNA(IF(VLOOKUP($A58,Spiele!$A$2:$C$16,3,FALSE)=$B58,COUNTIFS($L$2:$L58,"Tor",$B$2:$B58,$B58,$A$2:$A58,$A58)+COUNTIFS($L$2:$L58,"ET",$B$2:$B58,$B58,$A$2:$A58,$A58)&":"&COUNTIFS($L$2:$L58,"Tor",$B$2:$B58,"<>"&$B58,$A$2:$A58,$A58)+COUNTIFS($L$2:$L58,"ET",$B$2:$B58,"<>"&$B58,$A$2:$A58,$A58),COUNTIFS($L$2:$L58,"Tor",$B$2:$B58,"<>"&$B58,$A$2:$A58,$A58)+COUNTIFS($L$2:$L58,"ET",$B$2:$B58,"<>"&$B58,$A$2:$A58,$A58)&":"&COUNTIFS($L$2:$L58,"Tor",$B$2:$B58,$B58,$A$2:$A58,$A58)+COUNTIFS($L$2:$L58,"ET",$B$2:$B58,$B58,$A$2:$A58,$A58)),""),"") | J58: =_xlfn.IFNA(IF(VLOOKUP($A58,Spiele!$A$2:$D$16,3,FALSE)=$B58,(COUNTIFS($L$1:$L57,"Tor",$B$1:$B57,$B58,$A$1:$A57,$A58)+COUNTIFS($L$1:$L57,"ET",$B$1:$B57,$B58,$A$1:$A57,$A58))-(COUNTIFS($L$1:$L57,"Tor",$B$1:$B57,"<>"&$B58,$A$1:$A57,$A58)+COUNTIFS($L$1:$L57,"ET",$B$1:$B57,"<>"&$B58,$A$1:$A57,$A58)),(COUNTIFS($L$1:$L57,"Tor",$B$1:$B57,$B58,$A$1:$A57,$A58)+COUNTIFS($L$1:$L57,"ET",$B$1:$B57,$B58,$A$1:$A57,$A58))-(COUNTIFS($L$1:$L57,"Tor",$B$1:$B57,"<>"&$B58,$A$1:$A57,$A58)+COUNTIFS($L$1:$L57,"ET",$B$1:$B57,"<>"&$B58,$A$1:$A57,$A58))),"") -> 0 | K58: 11 | L58: Save | M58: USO | N58: D | AA58: nd | AB58: L | AC58: Fuß | AD58: BzT | AE58: 27 | AF58: 0.5 | AG58: 12.5 | AH58: =IF($L58="ET","",IF($AF58>3.66,SQRT($AG58^2+($AF58-(7.32/2))^2),IF($AF58<-3.66,SQRT($AG58^2+($AF58+(7.32/2))^2),$AG58))) -> 12.5 | AI58: =IF($L58="ET","",IF(DEGREES(ATAN((7.32*$AG58)/($AG58^2+$AF58^2-(7.32/2)^2)))<=0,180+DEGREES(ATAN((7.32*$AG58)/($AG58^2+$AF58^2-(7.32/2)^2))),DEGREES(ATAN((7.32*$AG58)/($AG58^2+$AF58^2-(7.32/2)^2))))) -> 32.594577 | AJ58: SB | AK58: 0 | AL58: 2.5 | AM58: =IF(Abschlüsse[[#This Row],[Ergeb]]="ET","",SQRT(($AF58-$AK58)^2+($AG58-$AL58)^2)) -> 10.012492 | AN58: 1 | AO58: -2 | AP58: 14 | AQ58: =IF(AN58=0,"",SQRT(($AF58-$AO58)^2+($AG58-$AP58)^2)) -> 2.9154759 | AR58: 0 | AU58: =IF(AR58=0,"",SQRT(($AF58-$AS58)^2+($AG58-$AT58)^2))
A59: 3 | B59: TSV | C59: =IF($A59="","",IF(VLOOKUP($A59,Spiele!$A$2:$D$16,3,FALSE)=$B59,"H","G")) -> G | D59: =IF($B59="","",IF(VLOOKUP($A59,Spiele!$A$2:$F$16,3,FALSE)=$B59,VLOOKUP($A59,Spiele!$A$2:$F$16,4,FALSE),VLOOKUP($A59,Spiele!$A$2:$F$16,3,FALSE))) -> FCN | E59: =IF(Abschlüsse[[#This Row],[Ergeb]]="ET",0,COUNTIFS($A$2:$A59,$A59,$B$2:$B59,$B59,$L$2:$L59,"<>ET")) -> 6 | F59: 25 | G59: 1 | H59: =COUNTIFS('Rote Karten'!$A$2:$A$4,$A59,'Rote Karten'!$D$2:$D$4,"<>"&$B59,'Rote Karten'!$B$2:$B$4,"<"&$F59,'Rote Karten'!$C$2:$C$4,"<="&$G59)-COUNTIFS('Rote Karten'!$A$2:$A$4,$A59,'Rote Karten'!$D$2:$D$4,$B59,'Rote Karten'!$B$2:$B$4,"<"&$F59,'Rote Karten'!$C$2:$C$4,"<="&$G59) -> 0 | I59: =IF(OR($L59="Tor",$L59="ET"),_xlfn.IFNA(IF(VLOOKUP($A59,Spiele!$A$2:$C$16,3,FALSE)=$B59,COUNTIFS($L$2:$L59,"Tor",$B$2:$B59,$B59,$A$2:$A59,$A59)+COUNTIFS($L$2:$L59,"ET",$B$2:$B59,$B59,$A$2:$A59,$A59)&":"&COUNTIFS($L$2:$L59,"Tor",$B$2:$B59,"<>"&$B59,$A$2:$A59,$A59)+COUNTIFS($L$2:$L59,"ET",$B$2:$B59,"<>"&$B59,$A$2:$A59,$A59),COUNTIFS($L$2:$L59,"Tor",$B$2:$B59,"<>"&$B59,$A$2:$A59,$A59)+COUNTIFS($L$2:$L59,"ET",$B$2:$B59,"<>"&$B59,$A$2:$A59,$A59)&":"&COUNTIFS($L$2:$L59,"Tor",$B$2:$B59,$B59,$A$2:$A59,$A59)+COUNTIFS($L$2:$L59,"ET",$B$2:$B59,$B59,$A$2:$A59,$A59)),""),"") | J59: =_xlfn.IFNA(IF(VLOOKUP($A59,Spiele!$A$2:$D$16,3,FALSE)=$B59,(COUNTIFS($L$1:$L58,"Tor",$B$1:$B58,$B59,$A$1:$A58,$A59)+COUNTIFS($L$1:$L58,"ET",$B$1:$B58,$B59,$A$1:$A58,$A59))-(COUNTIFS($L$1:$L58,"Tor",$B$1:$B58,"<>"&$B59,$A$1:$A58,$A59)+COUNTIFS($L$1:$L58,"ET",$B$1:$B58,"<>"&$B59,$A$1:$A58,$A59)),(COUNTIFS($L$1:$L58,"Tor",$B$1:$B58,$B59,$A$1:$A58,$A59)+COUNTIFS($L$1:$L58,"ET",$B$1:$B58,$B59,$A$1:$A58,$A59))-(COUNTIFS($L$1:$L58,"Tor",$B$1:$B58,"<>"&$B59,$A$1:$A58,$A59)+COUNTIFS($L$1:$L58,"ET",$B$1:$B58,"<>"&$B59,$A$1:$A58,$A59))),"") -> 0 | K59: 12 | L59: Vorbei | M59: USO | N59: RP | AA59: nd | AB59: L | AC59: Fuß | AD59: BzT | AF59: 11.5 | AG59: 12.5 | AH59: =IF($L59="ET","",IF($AF59>3.66,SQRT($AG59^2+($AF59-(7.32/2))^2),IF($AF59<-3.66,SQRT($AG59^2+($AF59+(7.32/2))^2),$AG59))) -> 14.755189 | AI59: =IF($L59="ET","",IF(DEGREES(ATAN((7.32*$AG59)/($AG59^2+$AF59^2-(7.32/2)^2)))<=0,180+DEGREES(ATAN((7.32*$AG59)/($AG59^2+$AF59^2-(7.32/2)^2))),DEGREES(ATAN((7.32*$AG59)/($AG59^2+$AF59^2-(7.32/2)^2))))) -> 18.397177 | AJ59: SB | AK59: 2 | AL59: 1 | AM59: =IF(Abschlüsse[[#This Row],[Ergeb]]="ET","",SQRT(($AF59-$AK59)^2+($AG59-$AL59)^2)) -> 14.916434 | AN59: 2 | AO59: 13 | AP59: 10 | AQ59: =IF(AN59=0,"",SQRT(($AF59-$AO59)^2+($AG59-$AP59)^2)) -> 2.9154759 | AR59: 1 | AS59: 6.5 | AT59: 8 | AU59: =IF(AR59=0,"",SQRT(($AF59-$AS59)^2+($AG59-$AT59)^2)) -> 6.726812
A60: 3 | B60: TSV | C60: =IF($A60="","",IF(VLOOKUP($A60,Spiele!$A$2:$D$16,3,FALSE)=$B60,"H","G")) -> G | D60: =IF($B60="","",IF(VLOOKUP($A60,Spiele!$A$2:$F$16,3,FALSE)=$B60,VLOOKUP($A60,Spiele!$A$2:$F$16,4,FALSE),VLOOKUP($A60,Spiele!$A$2:$F$16,3,FALSE))) -> FCN | E60: =IF(Abschlüsse[[#This Row],[Ergeb]]="ET",0,COUNTIFS($A$2:$A60,$A60,$B$2:$B60,$B60,$L$2:$L60,"<>ET")) -> 7 | F60: 26 | G60: 1 | H60: =COUNTIFS('Rote Karten'!$A$2:$A$4,$A60,'Rote Karten'!$D$2:$D$4,"<>"&$B60,'Rote Karten'!$B$2:$B$4,"<"&$F60,'Rote Karten'!$C$2:$C$4,"<="&$G60)-COUNTIFS('Rote Karten'!$A$2:$A$4,$A60,'Rote Karten'!$D$2:$D$4,$B60,'Rote Karten'!$B$2:$B$4,"<"&$F60,'Rote Karten'!$C$2:$C$4,"<="&$G60) -> 0 | I60: =IF(OR($L60="Tor",$L60="ET"),_xlfn.IFNA(IF(VLOOKUP($A60,Spiele!$A$2:$C$16,3,FALSE)=$B60,COUNTIFS($L$2:$L60,"Tor",$B$2:$B60,$B60,$A$2:$A60,$A60)+COUNTIFS($L$2:$L60,"ET",$B$2:$B60,$B60,$A$2:$A60,$A60)&":"&COUNTIFS($L$2:$L60,"Tor",$B$2:$B60,"<>"&$B60,$A$2:$A60,$A60)+COUNTIFS($L$2:$L60,"ET",$B$2:$B60,"<>"&$B60,$A$2:$A60,$A60),COUNTIFS($L$2:$L60,"Tor",$B$2:$B60,"<>"&$B60,$A$2:$A60,$A60)+COUNTIFS($L$2:$L60,"ET",$B$2:$B60,"<>"&$B60,$A$2:$A60,$A60)&":"&COUNTIFS($L$2:$L60,"Tor",$B$2:$B60,$B60,$A$2:$A60,$A60)+COUNTIFS($L$2:$L60,"ET",$B$2:$B60,$B60,$A$2:$A60,$A60)),""),"") | J60: =_xlfn.IFNA(IF(VLOOKUP($A60,Spiele!$A$2:$D$16,3,FALSE)=$B60,(COUNTIFS($L$1:$L59,"Tor",$B$1:$B59,$B60,$A$1:$A59,$A60)+COUNTIFS($L$1:$L59,"ET",$B$1:$B59,$B60,$A$1:$A59,$A60))-(COUNTIFS($L$1:$L59,"Tor",$B$1:$B59,"<>"&$B60,$A$1:$A59,$A60)+COUNTIFS($L$1:$L59,"ET",$B$1:$B59,"<>"&$B60,$A$1:$A59,$A60)),(COUNTIFS($L$1:$L59,"Tor",$B$1:$B59,$B60,$A$1:$A59,$A60)+COUNTIFS($L$1:$L59,"ET",$B$1:$B59,$B60,$A$1:$A59,$A60))-(COUNTIFS($L$1:$L59,"Tor",$B$1:$B59,"<>"&$B60,$A$1:$A59,$A60)+COUNTIFS($L$1:$L59,"ET",$B$1:$B59,"<>"&$B60,$A$1:$A59,$A60))),"") -> 0 | K60: 13 | L60: Vorbei | M60: USO | N60: CB | AA60: vB | AB60: L | AC60: Fuß | AD60: adD | AF60: 3.5 | AG60: 4 | AH60: =IF($L60="ET","",IF($AF60>3.66,SQRT($AG60^2+($AF60-(7.32/2))^2),IF($AF60<-3.66,SQRT($AG60^2+($AF60+(7.32/2))^2),$AG60))) -> 4 | AI60: =IF($L60="ET","",IF(DEGREES(ATAN((7.32*$AG60)/($AG60^2+$AF60^2-(7.32/2)^2)))<=0,180+DEGREES(ATAN((7.32*$AG60)/($AG60^2+$AF60^2-(7.32/2)^2))),DEGREES(ATAN((7.32*$AG60)/($AG60^2+$AF60^2-(7.32/2)^2))))) -> 63.100299 | AJ60: nSB | AK60: 3.5 | AL60: 0.5 | AM60: =IF(Abschlüsse[[#This Row],[Ergeb]]="ET","",SQRT(($AF60-$AK60)^2+($AG60-$AL60)^2)) -> 3.5 | AN60: 0 | AQ60: =IF(AN60=0,"",SQRT(($AF60-$AO60)^2+($AG60-$AP60)^2)) | AR60: 0 | AU60: =IF(AR60=0,"",SQRT(($AF60-$AS60)^2+($AG60-$AT60)^2))
A61: 3 | B61: FCN | C61: =IF($A61="","",IF(VLOOKUP($A61,Spiele!$A$2:$D$16,3,FALSE)=$B61,"H","G")) -> H | D61: =IF($B61="","",IF(VLOOKUP($A61,Spiele!$A$2:$F$16,3,FALSE)=$B61,VLOOKUP($A61,Spiele!$A$2:$F$16,4,FALSE),VLOOKUP($A61,Spiele!$A$2:$F$16,3,FALSE))) -> TSV | E61: =IF(Abschlüsse[[#This Row],[Ergeb]]="ET",0,COUNTIFS($A$2:$A61,$A61,$B$2:$B61,$B61,$L$2:$L61,"<>ET")) -> 7 | F61: 29 | G61: 1 | H61: =COUNTIFS('Rote Karten'!$A$2:$A$4,$A61,'Rote Karten'!$D$2:$D$4,"<>"&$B61,'Rote Karten'!$B$2:$B$4,"<"&$F61,'Rote Karten'!$C$2:$C$4,"<="&$G61)-COUNTIFS('Rote Karten'!$A$2:$A$4,$A61,'Rote Karten'!$D$2:$D$4,$B61,'Rote Karten'!$B$2:$B$4,"<"&$F61,'Rote Karten'!$C$2:$C$4,"<="&$G61) -> 0 | I61: =IF(OR($L61="Tor",$L61="ET"),_xlfn.IFNA(IF(VLOOKUP($A61,Spiele!$A$2:$C$16,3,FALSE)=$B61,COUNTIFS($L$2:$L61,"Tor",$B$2:$B61,$B61,$A$2:$A61,$A61)+COUNTIFS($L$2:$L61,"ET",$B$2:$B61,$B61,$A$2:$A61,$A61)&":"&COUNTIFS($L$2:$L61,"Tor",$B$2:$B61,"<>"&$B61,$A$2:$A61,$A61)+COUNTIFS($L$2:$L61,"ET",$B$2:$B61,"<>"&$B61,$A$2:$A61,$A61),COUNTIFS($L$2:$L61,"Tor",$B$2:$B61,"<>"&$B61,$A$2:$A61,$A61)+COUNTIFS($L$2:$L61,"ET",$B$2:$B61,"<>"&$B61,$A$2:$A61,$A61)&":"&COUNTIFS($L$2:$L61,"Tor",$B$2:$B61,$B61,$A$2:$A61,$A61)+COUNTIFS($L$2:$L61,"ET",$B$2:$B61,$B61,$A$2:$A61,$A61)),""),"") | J61: =_xlfn.IFNA(IF(VLOOKUP($A61,Spiele!$A$2:$D$16,3,FALSE)=$B61,(COUNTIFS($L$1:$L60,"Tor",$B$1:$B60,$B61,$A$1:$A60,$A61)+COUNTIFS($L$1:$L60,"ET",$B$1:$B60,$B61,$A$1:$A60,$A61))-(COUNTIFS($L$1:$L60,"Tor",$B$1:$B60,"<>"&$B61,$A$1:$A60,$A61)+COUNTIFS($L$1:$L60,"ET",$B$1:$B60,"<>"&$B61,$A$1:$A60,$A61)),(COUNTIFS($L$1:$L60,"Tor",$B$1:$B60,$B61,$A$1:$A60,$A61)+COUNTIFS($L$1:$L60,"ET",$B$1:$B60,$B61,$A$1:$A60,$A61))-(COUNTIFS($L$1:$L60,"Tor",$B$1:$B60,"<>"&$B61,$A$1:$A60,$A61)+COUNTIFS($L$1:$L60,"ET",$B$1:$B60,"<>"&$B61,$A$1:$A60,$A61))),"") -> 0 | K61: 14 | L61: Save | M61: FSS | AA61: vB | AB61: L | AC61: Fuß | AD61: BzT | AE61: 20 | AF61: 13.5 | AG61: 20 | AH61: =IF($L61="ET","",IF($AF61>3.66,SQRT($AG61^2+($AF61-(7.32/2))^2),IF($AF61<-3.66,SQRT($AG61^2+($AF61+(7.32/2))^2),$AG61))) -> 22.289585 | AI61: =IF($L61="ET","",IF(DEGREES(ATAN((7.32*$AG61)/($AG61^2+$AF61^2-(7.32/2)^2)))<=0,180+DEGREES(ATAN((7.32*$AG61)/($AG61^2+$AF61^2-(7.32/2)^2))),DEGREES(ATAN((7.32*$AG61)/($AG61^2+$AF61^2-(7.32/2)^2))))) -> 14.432407 | AJ61: SB | AK61: 0.5 | AL61: 1 | AM61: =IF(Abschlüsse[[#This Row],[Ergeb]]="ET","",SQRT(($AF61-$AK61)^2+($AG61-$AL61)^2)) -> 23.021729 | AN61: 0 | AQ61: =IF(AN61=0,"",SQRT(($AF61-$AO61)^2+($AG61-$AP61)^2)) | AR61: 4 | AS61: 9 | AT61: 12.5 | AU61: =IF(AR61=0,"",SQRT(($AF61-$AS61)^2+($AG61-$AT61)^2)) -> 8.7464278
A62: 3 | B62: FCN | C62: =IF($A62="","",IF(VLOOKUP($A62,Spiele!$A$2:$D$16,3,FALSE)=$B62,"H","G")) -> H | D62: =IF($B62="","",IF(VLOOKUP($A62,Spiele!$A$2:$F$16,3,FALSE)=$B62,VLOOKUP($A62,Spiele!$A$2:$F$16,4,FALSE),VLOOKUP($A62,Spiele!$A$2:$F$16,3,FALSE))) -> TSV | E62: =IF(Abschlüsse[[#This Row],[Ergeb]]="ET",0,COUNTIFS($A$2:$A62,$A62,$B$2:$B62,$B62,$L$2:$L62,"<>ET")) -> 8 | F62: 31 | G62: 1 | H62: =COUNTIFS('Rote Karten'!$A$2:$A$4,$A62,'Rote Karten'!$D$2:$D$4,"<>"&$B62,'Rote Karten'!$B$2:$B$4,"<"&$F62,'Rote Karten'!$C$2:$C$4,"<="&$G62)-COUNTIFS('Rote Karten'!$A$2:$A$4,$A62,'Rote Karten'!$D$2:$D$4,$B62,'Rote Karten'!$B$2:$B$4,"<"&$F62,'Rote Karten'!$C$2:$C$4,"<="&$G62) -> 0 | I62: =IF(OR($L62="Tor",$L62="ET"),_xlfn.IFNA(IF(VLOOKUP($A62,Spiele!$A$2:$C$16,3,FALSE)=$B62,COUNTIFS($L$2:$L62,"Tor",$B$2:$B62,$B62,$A$2:$A62,$A62)+COUNTIFS($L$2:$L62,"ET",$B$2:$B62,$B62,$A$2:$A62,$A62)&":"&COUNTIFS($L$2:$L62,"Tor",$B$2:$B62,"<>"&$B62,$A$2:$A62,$A62)+COUNTIFS($L$2:$L62,"ET",$B$2:$B62,"<>"&$B62,$A$2:$A62,$A62),COUNTIFS($L$2:$L62,"Tor",$B$2:$B62,"<>"&$B62,$A$2:$A62,$A62)+COUNTIFS($L$2:$L62,"ET",$B$2:$B62,"<>"&$B62,$A$2:$A62,$A62)&":"&COUNTIFS($L$2:$L62,"Tor",$B$2:$B62,$B62,$A$2:$A62,$A62)+COUNTIFS($L$2:$L62,"ET",$B$2:$B62,$B62,$A$2:$A62,$A62)),""),"") | J62: =_xlfn.IFNA(IF(VLOOKUP($A62,Spiele!$A$2:$D$16,3,FALSE)=$B62,(COUNTIFS($L$1:$L61,"Tor",$B$1:$B61,$B62,$A$1:$A61,$A62)+COUNTIFS($L$1:$L61,"ET",$B$1:$B61,$B62,$A$1:$A61,$A62))-(COUNTIFS($L$1:$L61,"Tor",$B$1:$B61,"<>"&$B62,$A$1:$A61,$A62)+COUNTIFS($L$1:$L61,"ET",$B$1:$B61,"<>"&$B62,$A$1:$A61,$A62)),(COUNTIFS($L$1:$L61,"Tor",$B$1:$B61,$B62,$A$1:$A61,$A62)+COUNTIFS($L$1:$L61,"ET",$B$1:$B61,$B62,$A$1:$A61,$A62))-(COUNTIFS($L$1:$L61,"Tor",$B$1:$B61,"<>"&$B62,$A$1:$A61,$A62)+COUNTIFS($L$1:$L61,"ET",$B$1:$B61,"<>"&$B62,$A$1:$A61,$A62))),"") -> 0 | K62: 15 | L62: Vorbei | M62: EB | N62: SP | O62: 27 | P62: 7 | Q62: 20 | R62: 21 | S62: 6 | T62: 8 | AA62: vB | AB62: R | AC62: Fuß | AD62: adD | AE62: 7 | AF62: 13 | AG62: 11.5 | AH62: =IF($L62="ET","",IF($AF62>3.66,SQRT($AG62^2+($AF62-(7.32/2))^2),IF($AF62<-3.66,SQRT($AG62^2+($AF62+(7.32/2))^2),$AG62))) -> 14.815046 | AI62: =IF($L62="ET","",IF(DEGREES(ATAN((7.32*$AG62)/($AG62^2+$AF62^2-(7.32/2)^2)))<=0,180+DEGREES(ATAN((7.32*$AG62)/($AG62^2+$AF62^2-(7.32/2)^2))),DEGREES(ATAN((7.32*$AG62)/($AG62^2+$AF62^2-(7.32/2)^2))))) -> 16.301005 | AJ62: SB | AK62: 3.5 | AL62: 2.5 | AM62: =IF(Abschlüsse[[#This Row],[Ergeb]]="ET","",SQRT(($AF62-$AK62)^2+($AG62-$AL62)^2)) -> 13.086252 | AN62: 2 | AO62: 9.5 | AP62: 11 | AQ62: =IF(AN62=0,"",SQRT(($AF62-$AO62)^2+($AG62-$AP62)^2)) -> 3.5355339 | AR62: 0 | AU62: =IF(AR62=0,"",SQRT(($AF62-$AS62)^2+($AG62-$AT62)^2))
A63: 3 | B63: FCN | C63: =IF($A63="","",IF(VLOOKUP($A63,Spiele!$A$2:$D$16,3,FALSE)=$B63,"H","G")) -> H | D63: =IF($B63="","",IF(VLOOKUP($A63,Spiele!$A$2:$F$16,3,FALSE)=$B63,VLOOKUP($A63,Spiele!$A$2:$F$16,4,FALSE),VLOOKUP($A63,Spiele!$A$2:$F$16,3,FALSE))) -> TSV | E63: =IF(Abschlüsse[[#This Row],[Ergeb]]="ET",0,COUNTIFS($A$2:$A63,$A63,$B$2:$B63,$B63,$L$2:$L63,"<>ET")) -> 9 | F63: 32 | G63: 1 | H63: =COUNTIFS('Rote Karten'!$A$2:$A$4,$A63,'Rote Karten'!$D$2:$D$4,"<>"&$B63,'Rote Karten'!$B$2:$B$4,"<"&$F63,'Rote Karten'!$C$2:$C$4,"<="&$G63)-COUNTIFS('Rote Karten'!$A$2:$A$4,$A63,'Rote Karten'!$D$2:$D$4,$B63,'Rote Karten'!$B$2:$B$4,"<"&$F63,'Rote Karten'!$C$2:$C$4,"<="&$G63) -> 0 | I63: =IF(OR($L63="Tor",$L63="ET"),_xlfn.IFNA(IF(VLOOKUP($A63,Spiele!$A$2:$C$16,3,FALSE)=$B63,COUNTIFS($L$2:$L63,"Tor",$B$2:$B63,$B63,$A$2:$A63,$A63)+COUNTIFS($L$2:$L63,"ET",$B$2:$B63,$B63,$A$2:$A63,$A63)&":"&COUNTIFS($L$2:$L63,"Tor",$B$2:$B63,"<>"&$B63,$A$2:$A63,$A63)+COUNTIFS($L$2:$L63,"ET",$B$2:$B63,"<>"&$B63,$A$2:$A63,$A63),COUNTIFS($L$2:$L63,"Tor",$B$2:$B63,"<>"&$B63,$A$2:$A63,$A63)+COUNTIFS($L$2:$L63,"ET",$B$2:$B63,"<>"&$B63,$A$2:$A63,$A63)&":"&COUNTIFS($L$2:$L63,"Tor",$B$2:$B63,$B63,$A$2:$A63,$A63)+COUNTIFS($L$2:$L63,"ET",$B$2:$B63,$B63,$A$2:$A63,$A63)),""),"") -> 2:1 | J63: =_xlfn.IFNA(IF(VLOOKUP($A63,Spiele!$A$2:$D$16,3,FALSE)=$B63,(COUNTIFS($L$1:$L62,"Tor",$B$1:$B62,$B63,$A$1:$A62,$A63)+COUNTIFS($L$1:$L62,"ET",$B$1:$B62,$B63,$A$1:$A62,$A63))-(COUNTIFS($L$1:$L62,"Tor",$B$1:$B62,"<>"&$B63,$A$1:$A62,$A63)+COUNTIFS($L$1:$L62,"ET",$B$1:$B62,"<>"&$B63,$A$1:$A62,$A63)),(COUNTIFS($L$1:$L62,"Tor",$B$1:$B62,$B63,$A$1:$A62,$A63)+COUNTIFS($L$1:$L62,"ET",$B$1:$B62,$B63,$A$1:$A62,$A63))-(COUNTIFS($L$1:$L62,"Tor",$B$1:$B62,"<>"&$B63,$A$1:$A62,$A63)+COUNTIFS($L$1:$L62,"ET",$B$1:$B62,"<>"&$B63,$A$1:$A62,$A63))),"") -> 0 | K63: 16 | L63: Tor | M63: USO | N63: D | O63: 8 | P63: 7 | Q63: 6 | AA63: nd | AB63: R | AC63: Fuß | AD63: adD | AE63: 27 | AF63: 10 | AG63: 3 | AH63: =IF($L63="ET","",IF($AF63>3.66,SQRT($AG63^2+($AF63-(7.32/2))^2),IF($AF63<-3.66,SQRT($AG63^2+($AF63+(7.32/2))^2),$AG63))) -> 7.0139575 | AI63: =IF($L63="ET","",IF(DEGREES(ATAN((7.32*$AG63)/($AG63^2+$AF63^2-(7.32/2)^2)))<=0,180+DEGREES(ATAN((7.32*$AG63)/($AG63^2+$AF63^2-(7.32/2)^2))),DEGREES(ATAN((7.32*$AG63)/($AG63^2+$AF63^2-(7.32/2)^2))))) -> 12.93625 | AJ63: SB | AK63: 4 | AL63: 1 | AM63: =IF(Abschlüsse[[#This Row],[Ergeb]]="ET","",SQRT(($AF63-$AK63)^2+($AG63-$AL63)^2)) -> 6.3245553 | AN63: 0 | AQ63: =IF(AN63=0,"",SQRT(($AF63-$AO63)^2+($AG63-$AP63)^2)) | AR63: 0 | AU63: =IF(AR63=0,"",SQRT(($AF63-$AS63)^2+($AG63-$AT63)^2))
A64: 3 | B64: FCN | C64: =IF($A64="","",IF(VLOOKUP($A64,Spiele!$A$2:$D$16,3,FALSE)=$B64,"H","G")) -> H | D64: =IF($B64="","",IF(VLOOKUP($A64,Spiele!$A$2:$F$16,3,FALSE)=$B64,VLOOKUP($A64,Spiele!$A$2:$F$16,4,FALSE),VLOOKUP($A64,Spiele!$A$2:$F$16,3,FALSE))) -> TSV | E64: =IF(Abschlüsse[[#This Row],[Ergeb]]="ET",0,COUNTIFS($A$2:$A64,$A64,$B$2:$B64,$B64,$L$2:$L64,"<>ET")) -> 10 | F64: 34 | G64: 1 | H64: =COUNTIFS('Rote Karten'!$A$2:$A$4,$A64,'Rote Karten'!$D$2:$D$4,"<>"&$B64,'Rote Karten'!$B$2:$B$4,"<"&$F64,'Rote Karten'!$C$2:$C$4,"<="&$G64)-COUNTIFS('Rote Karten'!$A$2:$A$4,$A64,'Rote Karten'!$D$2:$D$4,$B64,'Rote Karten'!$B$2:$B$4,"<"&$F64,'Rote Karten'!$C$2:$C$4,"<="&$G64) -> 0 | I64: =IF(OR($L64="Tor",$L64="ET"),_xlfn.IFNA(IF(VLOOKUP($A64,Spiele!$A$2:$C$16,3,FALSE)=$B64,COUNTIFS($L$2:$L64,"Tor",$B$2:$B64,$B64,$A$2:$A64,$A64)+COUNTIFS($L$2:$L64,"ET",$B$2:$B64,$B64,$A$2:$A64,$A64)&":"&COUNTIFS($L$2:$L64,"Tor",$B$2:$B64,"<>"&$B64,$A$2:$A64,$A64)+COUNTIFS($L$2:$L64,"ET",$B$2:$B64,"<>"&$B64,$A$2:$A64,$A64),COUNTIFS($L$2:$L64,"Tor",$B$2:$B64,"<>"&$B64,$A$2:$A64,$A64)+COUNTIFS($L$2:$L64,"ET",$B$2:$B64,"<>"&$B64,$A$2:$A64,$A64)&":"&COUNTIFS($L$2:$L64,"Tor",$B$2:$B64,$B64,$A$2:$A64,$A64)+COUNTIFS($L$2:$L64,"ET",$B$2:$B64,$B64,$A$2:$A64,$A64)),""),"") | J64: =_xlfn.IFNA(IF(VLOOKUP($A64,Spiele!$A$2:$D$16,3,FALSE)=$B64,(COUNTIFS($L$1:$L63,"Tor",$B$1:$B63,$B64,$A$1:$A63,$A64)+COUNTIFS($L$1:$L63,"ET",$B$1:$B63,$B64,$A$1:$A63,$A64))-(COUNTIFS($L$1:$L63,"Tor",$B$1:$B63,"<>"&$B64,$A$1:$A63,$A64)+COUNTIFS($L$1:$L63,"ET",$B$1:$B63,"<>"&$B64,$A$1:$A63,$A64)),(COUNTIFS($L$1:$L63,"Tor",$B$1:$B63,$B64,$A$1:$A63,$A64)+COUNTIFS($L$1:$L63,"ET",$B$1:$B63,$B64,$A$1:$A63,$A64))-(COUNTIFS($L$1:$L63,"Tor",$B$1:$B63,"<>"&$B64,$A$1:$A63,$A64)+COUNTIFS($L$1:$L63,"ET",$B$1:$B63,"<>"&$B64,$A$1:$A63,$A64))),"") -> 1 | K64: 17 | L64: Save | M64: EB | N64: AP | AA64: nd | AB64: L | AC64: Fuß | AD64: adD | AE64: 9 | AF64: -7.5 | AG64: 6 | AH64: =IF($L64="ET","",IF($AF64>3.66,SQRT($AG64^2+($AF64-(7.32/2))^2),IF($AF64<-3.66,SQRT($AG64^2+($AF64+(7.32/2))^2),$AG64))) -> 7.1235946 | AI64: =IF($L64="ET","",IF(DEGREES(ATAN((7.32*$AG64)/($AG64^2+$AF64^2-(7.32/2)^2)))<=0,180+DEGREES(ATAN((7.32*$AG64)/($AG64^2+$AF64^2-(7.32/2)^2))),DEGREES(ATAN((7.32*$AG64)/($AG64^2+$AF64^2-(7.32/2)^2))))) -> 29.116753 | AJ64: SB | AK64: -5.5 | AL64: 5 | AM64: =IF(Abschlüsse[[#This Row],[Ergeb]]="ET","",SQRT(($AF64-$AK64)^2+($AG64-$AL64)^2)) -> 2.236068 | AN64: 1 | AO64: -6.5 | AP64: 7 | AQ64: =IF(AN64=0,"",SQRT(($AF64-$AO64)^2+($AG64-$AP64)^2)) -> 1.4142136 | AR64: 0 | AU64: =IF(AR64=0,"",SQRT(($AF64-$AS64)^2+($AG64-$AT64)^2))
